[{"model": "auth.user", "fields": {"password": "!wbXBndDwx7oopOjMU7RvTKwZ4Q2JfY2tAjvErZYH", "last_login": "2026-01-16T10:12:59.511Z", "is_superuser": true, "username": "sa", "first_name": "", "last_name": "", "email": "vpmx555@gmail.com", "is_staff": true, "is_active": true, "date_joined": "2026-01-16T10:12:04.751Z", "groups": [], "user_permissions": []}}, {"model": "auth.user", "fields": {"password": "pbkdf2_sha256$1000000$nA42XG38VL13VswRGuCdfM$zJNudIeczI9qgbB6Ph7zq54s/rH5IphRZETer/LszlA=", "last_login": "2026-02-22T04:20:20.036Z", "is_superuser": true, "username": "pxv23", "first_name": "", "last_name": "", "email": "vpmx555@gmail.com", "is_staff": true, "is_active": true, "date_joined": "2026-01-31T06:48:43.562Z", "groups": [], "user_permissions": []}}, {"model": "sessions.session", "pk": "0lceie6boum299fs8y4ce6dh7gv400dd", "fields": {"session_data": ".eJxVjjsOwjAQBe-ydWSZjT9xSnrOEO3aaxJAsRQnFeLuKJILaN-MRu8NEx37PB1VtmlJMAJC97sxxaesJ0gPWu9FxbLu28LqVFSjVd1Kkte1uX-BmeoMIwxIlDMJoTGDo4tmo4MEzNok4kDeWS1kJTCz7ntBH-NgLWofnO_FQAdlS-0kus8XKhk8Uw:1vuMLH:WPcontSNDPR-nhDIeLygowfoQUiYkcKxgeNDf_lSEm4", "expire_date": "2026-03-09T03:10:39.144Z"}}, {"model": "sessions.session", "pk": "k85id5yt8909fdm1op1nd6sk5oe1txo6", "fields": {"session_data": ".eJxVjjsOgzAQRO_iOrIW42_K9JzB2rWXmCTCEoYqyt0DEkXSzpt5mreIuK0lbo2XOGVxFUpcfjPC9OT5APmB873KVOd1mUgeFXnSJoea-XU7u3-Cgq3sa68QxxEZldbeYgekIXBQI-iMFNBZA4yGAxFB37NyKXljFLhgXc96l9Ylnyc7-_kCKhY8Ug:1vm4zC:DQTUedNiIeeUh63S4Yvh22m_JYN8oZafadEM4fKE058", "expire_date": "2026-02-14T07:01:38.752Z"}}, {"model": "shop_flower.flowertype", "pk": 1, "fields": {"name": "Bó hoa", "description": null}}, {"model": "shop_flower.flowertype", "pk": 2, "fields": {"name": "Hoa sinh nhật", "description": null}}, {"model": "shop_flower.flowertype", "pk": 3, "fields": {"name": "Hoa sang trọng", "description": null}}, {"model": "shop_flower.flowertype", "pk": 4, "fields": {"name": "Giỏ hoa", "description": null}}, {"model": "shop_flower.flowertype", "pk": 5, "fields": {"name": "Hộp hoa", "description": null}}, {"model": "shop_flower.flowertype", "pk": 6, "fields": {"name": "Hoa cưới", "description": null}}, {"model": "shop_flower.flowertype", "pk": 7, "fields": {"name": "Hoa chúc mừng", "description": null}}, {"model": "shop_flower.flowertype", "pk": 8, "fields": {"name": "Hoa chia buồn", "description": null}}, {"model": "shop_flower.flowertype", "pk": 9, "fields": {"name": "Hoa tốt nghiệp", "description": null}}, {"model": "shop_flower.flowertype", "pk": 10, "fields": {"name": "Lan hồ điệp", "description": null}}, {"model": "shop_flower.flowertype", "pk": 11, "fields": {"name": "Hoa hồng", "description": null}}, {"model": "shop_flower.flowertype", "pk": 12, "fields": {"name": "Hoa cẩm chướng", "description": null}}, {"model": "shop_flower.flowertype", "pk": 13, "fields": {"name": "Hoa hướng dương", "description": null}}, {"model": "shop_flower.flowertype", "pk": 14, "fields": {"name": "Hoa lavender", "description": null}}, {"model": "shop_flower.flowertype", "pk": 15, "fields": {"name": "Hoa mẫu đơn", "description": null}}, {"model": "shop_flower.flowertype", "pk": 16, "fields": {"name": "Hoa tulip", "description": null}}, {"model": "shop_flower.flowertype", "pk": 17, "fields": {"name": "Lãng hoa", "description": null}}, {"model": "shop_flower.flowertype", "pk": 18, "fields": {"name": "Hoa tình yêu", "description": null}}, {"model": "shop_flower.flowertype", "pk": 19, "fields": {"name": "Hoa Juliet", "description": null}}, {"model": "shop_flower.flowertype", "pk": 20, "fields": {"name": "Hoa Đồng Tiền", "description": null}}, {"model": "shop_flower.flowertype", "pk": 21, "fields": {"name": "Hoa Lan Tường", "description": null}}, {"model": "shop_flower.flowertype", "pk": 22, "fields": {"name": "Cúc Mẫu Đơn", "description": null}}, {"model": "shop_flower.flowertype", "pk": 23, "fields": {"name": "Cúc Kali", "description": null}}, {"model": "shop_flower.flowertype", "pk": 24, "fields": {"name": "Cỏ Đồng Tiền", "description": null}}, {"model": "shop_flower.flowertype", "pk": 25, "fields": {"name": "cúc Tana", "description": null}}, {"model": "shop_flower.flowertype", "pk": 26, "fields": {"name": "Tuyết Mai", "description": null}}, {"model": "shop_flower.flowertype", "pk": 27, "fields": {"name": "Kệ Hoa", "description": null}}, {"model": "shop_flower.flowertype", "pk": 29, "fields": {"name": "Cẩm tú cầu", "description": null}}, {"model": "shop_flower.flowertype", "pk": 30, "fields": {"name": "Lá Bạc", "description": null}}, {"model": "shop_flower.flowertype", "pk": 31, "fields": {"name": "Hoa Baby", "description": null}}, {"model": "shop_flower.flowertype", "pk": 32, "fields": {"name": "Cúc mimi", "description": null}}, {"model": "shop_flower.flowertype", "pk": 33, "fields": {"name": "Cỏ suối", "description": null}}, {"model": "shop_flower.flowertype", "pk": 34, "fields": {"name": "Thúy Châu", "description": null}}, {"model": "shop_flower.flower", "pk": 7, "fields": {"name": "Box Hoa Juliet", "sell_price": "750000.00", "image": "flowers/box_hoa_juliet.png", "is_active": true, "description": "Box Hoa Juliet – Cơ bản gồm:  Hoa Hồng Juliet, hoa Hồng Kem, hoa Phăng Hồng, hoa Đồng Tiền, hoa Lan Tường, hoa Thúy Châu Cỏ Đồng Tiền, lá Bạc", "flower_types": [3, 4, 7, 8]}}, {"model": "shop_flower.flower", "pk": 8, "fields": {"name": "Cẩm Tú Cầu Blue", "sell_price": "499000.00", "image": "flowers/cam_tu_cau_blue.png", "is_active": true, "description": "Bó hoa Cẩm Tú Cầu Blue – Cơ bản gồm:  Hoa Cẩm Tú Cầu Xanh Blue, hoa Cúc Pingpong, hoa Thủy Tiên, hoa Lan Tường, hoa Baby trắng Cỏ Đồng Tiền, lá Tuyết Mai, hoa Cúc Rosy, cúc Tana", "flower_types": [1, 2, 12]}}, {"model": "shop_flower.flower", "pk": 9, "fields": {"name": "Cẩm Tú Cầu Hồng", "sell_price": "599000.00", "image": "flowers/cam_tu_cau_hong.png", "is_active": true, "description": "Bó hoa Cẩm Tú Cầu Hồng – Cơ bản gồm:  Hoa Cầm Tú Cầu Hồng, hoa Thủy Tiên, hoa Cúc Pingpong, hoa Đồng Tiền Mix cùng cỏ Đồng Tiền, lá Tuyết Mai, hồng cánh bướm", "flower_types": [1, 2, 3, 12, 18]}}, {"model": "shop_flower.flower", "pk": 10, "fields": {"name": "Cơn Mưa Tình Yêu Tulip", "sell_price": "850000.00", "image": "flowers/con_mua_tinh_yeu_tulip.png", "is_active": true, "description": "Bó Hồng Juliet Mix Tulip – Cơ bản gồm:  Hoa Tulip, hoa Hồng Juliet, hoa Baby trắng Bó dáng ốc quế với giấy gói màu xi măng cổ điển", "flower_types": [1, 2, 7, 8, 9, 16, 18]}}, {"model": "shop_flower.flower", "pk": 11, "fields": {"name": "Blue Melody", "sell_price": "599000.00", "image": "flowers/mau-hoa-1-3-700x700_8kEbrGG_snqVj4b_2x3jQND.png", "is_active": true, "description": "Bó Hoa Tú Cầu Xanh – Cơ bản gồm:  Hoa Cẩm Tú Cầu nhập khẩu Hà Lan Mix cùng lan tường, cúc mimi, cỏ suối", "flower_types": [1, 2, 3, 7, 8, 12, 18]}}, {"model": "shop_flower.flower", "pk": 12, "fields": {"name": "Giỏ Hoa Chúc Mừng 2", "sell_price": "990000.00", "image": "flowers/gio_hoa_chuc_mung_2_a0k6niy.png", "is_active": true, "description": "Giỏ Hoa Chúc Mừng tone Trắng – Cơ bản gồm:  08-10 bông hoa Hồng Kem 05 bông hoa Hồng Trắng 03 bông hoa Đồng Tiền, cúc Ta Na, hoa Phăng Hồng, cỏ Đồng Tiền, lá Bạc", "flower_types": [3, 4, 7]}}, {"model": "shop_flower.flower", "pk": 13, "fields": {"name": "Giỏ Hoa Chúc Mừng 3", "sell_price": "599000.00", "image": "flowers/gio_hoa_chuc_mung_3_trhVpHM.png", "is_active": true, "description": "Giỏ Hoa Chúc Mừng tone Cam – Cơ bản gồm:  08 – 10 bông Hồng Cam Spirit 06 – 08 bông Hồng Kem Vàng 04 -05 bông hoa Đồng Tiền Hoa Lan Tường, Cúc Kali, cúc Ta Na, cỏ Đồng Tiền, lá Bạc", "flower_types": [2, 4, 7, 9]}}, {"model": "shop_flower.flower", "pk": 14, "fields": {"name": "Giỏ Hoa Chúc Mừng 4", "sell_price": "899000.00", "image": "flowers/gio_hoa_chuc_mung_4_o1ts2Xj.png", "is_active": true, "description": "Giỏ Hoa Chúc Mừng Hồng Đỏ – Cơ bản gồm:  Hoa Hồng Đỏ, hoa Scabiosa Cỏ Đồng Tiền, lá Bạc, lá Tuyết Mai", "flower_types": [4, 7, 9, 11, 18]}}, {"model": "shop_flower.flower", "pk": 15, "fields": {"name": "Giỏ Hoa Chúc Mừng 5", "sell_price": "599000.00", "image": "flowers/gio_hoa_chuc_mung_5.png", "is_active": true, "description": "Giỏ Hoa Chúc Mừng Tone Cam – Cơ bản gồm:  Hoa Cúc Mẫu Đơn, Hồng Juliet, Hồng Spirit, hoa Lan Tường, hoa Đồng Tiền, Cúc Kali Cỏ Đồng Tiền, cúc Tana, lá Tuyết Mai", "flower_types": [3, 4, 7, 11, 18]}}, {"model": "shop_flower.flower", "pk": 16, "fields": {"name": "Giỏ Hoa Chúc Mừng 6", "sell_price": "1199000.00", "image": "flowers/gio_hoa_chuc_mung_6.png", "is_active": true, "description": "Lãng Hoa Chúc Mừng Tone Đỏ Trắng – Cơ bản gồm:  Hoa Hồng Đỏ Sendo, hoa Tulip, hoa Hồng kem, hoa Phăng, hoa Lan Tường Mix với hoa Thủy Tiên, hoa Thúy Châu, cúc Mimi, lá Tuyết Mai, lá Bạc", "flower_types": [4, 9, 11, 12, 18]}}, {"model": "shop_flower.flower", "pk": 17, "fields": {"name": "Giỏ Hoa Chúc Mừng 7", "sell_price": "999000.00", "image": "flowers/gio_hoa_chuc_mung_7.png", "is_active": true, "description": "Giỏ Hoa Chúc Mừng tone Tím – Cơ bản gồm:  Hoa Hồng Tím, hồng Trắng, hồng Kem, hoa Đồng Tiền Mix với hoa Lan Tương, cúc Tana, cỏ Đồng Tiền, lá Bạc", "flower_types": [4, 7, 9, 11, 12]}}, {"model": "shop_flower.flower", "pk": 18, "fields": {"name": "Giỏ Hoa Chúc Mừng 8", "sell_price": "999000.00", "image": "flowers/gio_hoa_chuc_mung_8.png", "is_active": true, "description": "Giỏ Hoa Chúc Mừng tone Hồng Nhạt – Cơ bản gồm:  Hồng Trắng, hồng Kem, hoa Đồng Tiền Mix với hoa Lan Tương, cúc Tana, cỏ Đồng Tiền, lá Bạc", "flower_types": [4, 7, 11]}}, {"model": "shop_flower.flower", "pk": 19, "fields": {"name": "Giỏ Hoa Chúc Mừng", "sell_price": "499000.00", "image": "flowers/gio_hoa_chuc_mung.png", "is_active": true, "description": "Giỏ Hoa Chúc Mừng tone Tím – Cơ bản gồm:  Hoa Hồng Tím, hồng Trắng, hồng Kem, hoa Đồng Tiền Mix với hoa Lan Tương, cúc Tana, cỏ Đồng Tiền, lá Bạc", "flower_types": [4, 7]}}, {"model": "shop_flower.flower", "pk": 20, "fields": {"name": "Giỏ Hoa Khai Chương", "sell_price": "699000.00", "image": "flowers/gio_hoa_khai_truong.png", "is_active": true, "description": "Giỏ Hoa Chúc Mừng Tone Trắng – Cơ bản gồm:  Hoa Cúc Mẫu Đơn, Hồng Juliet, Hồng Spirit, hoa Lan Tường, hoa Đồng Tiền, Cúc Kali Cỏ Đồng Tiền, cúc Tana, lá Tuyết Mai", "flower_types": [4, 11, 16, 20]}}, {"model": "shop_flower.flower", "pk": 21, "fields": {"name": "Giỏ Hoa Tình Yêu 2", "sell_price": "799000.00", "image": "flowers/gio_hoa_tinh_yeu_2.png", "is_active": true, "description": "Giỏ mây 08 -10 hoa hồng Tím 06 – 08 bông hoa hồng kem, trắng Cúc Pingpong, hoa Đồng Tiền, hoa Thúy Châu, hoa Phăng hồng + xanh, lá Tuyết Mai", "flower_types": [4, 11, 20, 26]}}, {"model": "shop_flower.flower", "pk": 22, "fields": {"name": "Hoa Cưới Tulip", "sell_price": "1399000.00", "image": "flowers/hoa_cuoi_tulip.png", "is_active": true, "description": "Bó Hoa cưới Tulip trắng nhập khẩu – Cơ bản gồm:  18-20 bông Tulip trắng Hoa cài áo chú rể", "flower_types": [1, 6, 16]}}, {"model": "shop_flower.flower", "pk": 23, "fields": {"name": "Hoa Đỏ Pháp", "sell_price": "399000.00", "image": "flowers/Hong-do-phap-3.1-700x700.png", "is_active": true, "description": "Bó Hoa Hồng Đỏ Pháp – Cơ bản gồm:  07 bông hồng đỏ Pháp Cỏ Đồng Tiền, lá Bạc", "flower_types": [1, 3, 7]}}, {"model": "shop_flower.flower", "pk": 24, "fields": {"name": "Hướng Dương 1", "sell_price": "599000.00", "image": "flowers/huong_duong_2.png", "is_active": true, "description": "Bó Hoa Hướng Dương mix – Cơ bản gồm:  02 bông hoa Hướng Dương 08-10 bông hồng Kem Vàng Hoa Lan Tương, cúc Ta Na, lá Bạc", "flower_types": [1, 2, 3, 7, 13]}}, {"model": "shop_flower.flower", "pk": 25, "fields": {"name": "Hướng Dương 2", "sell_price": "499000.00", "image": "flowers/huong_duong_1.png", "is_active": true, "description": "Bó Hoa Hướng Dương mix Gấu – Cơ bản gồm  05 Bông hoa Hướng Dương 01 Gấu tốt nghiệp cao khoảng 20cm Hoa Baby trắng, hoa Sao Tím", "flower_types": [1, 2, 3, 13]}}, {"model": "shop_flower.flower", "pk": 26, "fields": {"name": "Kệ Hoa Chúc Mừng 2", "sell_price": "1399000.00", "image": "flowers/ke_hoa_chuc_mung_2.png", "is_active": true, "description": "Lãng Hoa Chúc Mừng Tone Đỏ – Cơ bản gồm  Hoa Hồng đỏ, hoa Cúc Rose Lá Tùng Nho, lá Trầu Bà, lá Tuyết Mai, lá Bạc", "flower_types": [11, 23, 26, 27]}}, {"model": "shop_flower.flower", "pk": 27, "fields": {"name": "Kệ Hoa Chúc Mừng", "sell_price": "1299000.00", "image": "flowers/ke_hoa_chuc_mung.png", "is_active": true, "description": "Kệ Hoa Chúc Mừng – Cơ bản gồm:  08 -10 bông Hồng Ohara 13 – 15 bông Hồng kem 04 – 05 bông hoa Đồng Tiền Hoa Phăng hồng + trắng, hoa Lan Tường, hoa Baby trắng, cỏ Đồng Tiền, lá Trầu Bà, cúc Rose", "flower_types": [11, 20, 21, 24, 27]}}, {"model": "shop_flower.flower", "pk": 28, "fields": {"name": "Cẩm Tú Cầu Xanh", "sell_price": "1199000.00", "image": "flowers/lang_hoa_cam_tu_cau_xanh.png", "is_active": true, "description": "Lãng Hoa Cảm Tú Cầu Xanh Trắng – Cơ bản gồm:  02 bông hoa Cẩm Tú Cầu Xanh Blue, hoa Hồng trắng, hoa Đồng Tiền Hoa Lan Tường, cúc Tana, hoa Thủy Tiên, cúc Pingpong, lá Bạc, lá Tuyết Mai, cỏ Suối", "flower_types": [5, 7, 9, 20, 24, 25, 26]}}, {"model": "shop_flower.flower", "pk": 29, "fields": {"name": "Lãng Hoa Chúc Mừng 2", "sell_price": "1499000.00", "image": "flowers/lang_hoa_chuc_mung_2.png", "is_active": true, "description": "Lẵng Hoa Chúc Mừng Tone Cam Vàng – Cơ bản gồm:  03 Bông cúc Mẫu Đơn, hồng Juliet, hồng Kem Vàng, hồng Cam Spirit Mix cùng hoa Đồng Tiền, hoa Lan Tường, cỏ Đồng Tiền, lá Tuyết Mai…", "flower_types": [1, 3, 11, 17, 20, 21, 26]}}, {"model": "shop_flower.flower", "pk": 30, "fields": {"name": "Lãng Hoa Chúc Mừng 3", "sell_price": "799000.00", "image": "flowers/lang_hoa_chuc_mung_3.png", "is_active": true, "description": "ẵng Hoa Tone Vàng Cam – Cơ bản gồm:  Hoa Hồng Juliet, Hồng Spirit, hoa Đồng Tiền, hoa Lan Tường, cúc Rosy Lá Tuyết Mai", "flower_types": [3, 7, 17]}}, {"model": "shop_flower.flower", "pk": 31, "fields": {"name": "Lãng Hoa Chúc Mừng", "sell_price": "999000.00", "image": "flowers/lang_hoa_chuc_mung.png", "is_active": true, "description": "Lãng Hoa Chúc Mừng Sinh Nhật – Cơ bản gồm:  Hoa Hồng Juliet, hoa Lan Tường, hoa Đồng Tiền, hoa Phăng Hồng Mix với hoa Thủy Tiên, hoa Thúy Châu, cúc Rosy, lá Tuyết Mai, cỏ Đồng Tiền", "flower_types": [9, 10, 11, 17, 21, 26]}}, {"model": "shop_flower.flower", "pk": 32, "fields": {"name": "Lãng Hoa Sinh Nhật", "sell_price": "599000.00", "image": "flowers/lang_hoa_sinh_nhat.png", "is_active": true, "description": "Lẵng Hoa Sinh nhật – Cơ bản gồm:  Hoa Hồng Kem, hoa Đồng Tiền, hoa Phăng hồng Mix cùng hoa Lan Tường, cúc Pingpong, lá Tuyết Mai", "flower_types": [2, 17, 21, 24, 26]}}, {"model": "shop_flower.flower", "pk": 33, "fields": {"name": "Lãng Hoa Tone Đỏ Rose", "sell_price": "899000.00", "image": "flowers/lang_hoa_ton_do_rose.png", "is_active": true, "description": "Lãng Hoa Hồng Tone Đỏ Mix – Cơ bản gồm:  18 – 20 bông hoa Hồng đỏ 08 – 10 bông hoa Hồng kem, hoa Đồng Tiền Hoa Baby trắng, hoa Phăng hồng, hoa Lan Tường trắng, hoa Thủy Tiên, lá Bạc,", "flower_types": [11, 17, 20, 25]}}, {"model": "shop_flower.flower", "pk": 34, "fields": {"name": "Bó Hoa Tình Yêu", "sell_price": "499000.00", "image": "flowers/mau-hoa-1-1-700x700_1.png", "is_active": true, "description": "Bó Hoa Tone Hồng Mix – Cơ bản gồm:  Hoa Hồng Luân Đôn, hồng Kem, hoa Phăng Hồng Mix với hoa Thúy Châu, hoa Đồng Tiền, lá Tuyết Mai, lá Bạc, cỏ Đồng Tiền", "flower_types": [1, 11, 16, 18, 20]}}, {"model": "shop_flower.flower", "pk": 35, "fields": {"name": "Bloom 2", "sell_price": "299000.00", "image": "flowers/mau-hoa-1-1-700x700.png", "is_active": true, "description": "Bó Hoa Hồng Tím mix – Cơ bản gồm:  Hoa Hồng Tím, hồng trắng, hoa Lang Tường trắng, hoa Phăng đơn trắng, Mix cùng cúc Rosy, cỏ đồng tiền, lá bạc", "flower_types": [1, 11, 18, 21, 24]}}, {"model": "shop_flower.flower", "pk": 36, "fields": {"name": "Bó Hoa Gấu 04", "sell_price": "499000.00", "image": "flowers/mau-hoa-1-2-700x700_1.png", "is_active": true, "description": "Bó Hoa Gấu Tốt Nghiệp – Cơ bản gồm:  Gấu tốt nghiệp 25cm Hoa Hồng kem, hoa Lan Tường, hoa Phăng hồng, Mix với cỏ Đồng Tiền, lá Bạc", "flower_types": [1, 4, 9, 21]}}, {"model": "shop_flower.flower", "pk": 37, "fields": {"name": "Bloom 3", "sell_price": "299000.00", "image": "flowers/mau-hoa-1-2-700x700.png", "is_active": true, "description": "Bó Hồng Juliet – Cơ bản gồm:  Hồng Juliet nhập khẩu Mix cùng cỏ đồng tiền và lá bạc", "flower_types": [2, 11, 20, 24]}}, {"model": "shop_flower.flower", "pk": 38, "fields": {"name": "Blue Hydrangea", "sell_price": "699000.00", "image": "flowers/mau-hoa-1-3-700x700_8kEbrGG_snqVj4b.png", "is_active": true, "description": "Bó hoa Cẩm Tú Cầu xanh Hà Lan –  Cơ bản gồm:  Nguyên liệu chính: 3 bông Cẩm tú cầu xanh", "flower_types": [1, 2, 7]}}, {"model": "shop_flower.flower", "pk": 39, "fields": {"name": "Blue Star", "sell_price": "599000.00", "image": "flowers/mau-hoa-1-4-700x700.png", "is_active": true, "description": "Bó Hoa Cẩm Tú Cầu Xanh Mix – Cơ bản gồm:  Hoa Cẩm Tú Cầu Xanh Blue, hoa Hồng trắng, hoa Đồng Tiền, hoa Lan Tường, hoa Baby trắng, hoa Whisky Cỏ đồng tiền, cúc Tana, lá Tuyết Mai, lá Bạc", "flower_types": [1, 7, 11, 21, 24, 29]}}, {"model": "shop_flower.flower", "pk": 40, "fields": {"name": "Blue Star 2", "sell_price": "499000.00", "image": "flowers/mau-hoa-1-5-700x700.png", "is_active": true, "description": "Bó Hoa Cẩm Tú Cầu Mix Lan Tường – Cơ bản gồm:  Hoa Cẩm Tú Cầu Xanh nhập khẩu, hoa Lan Tường Mix cùng hoa Thúy Châu, cỏ Đồng Tiền, lá Bạc", "flower_types": [1, 21, 24, 29]}}, {"model": "shop_flower.flower", "pk": 41, "fields": {"name": "Bó Hoa Hồng chùm Sedona", "sell_price": "899000.00", "image": "flowers/mau-hoa-1-9-700x700.png", "is_active": true, "description": "Bó Hồng chùm Sedona – Cơ bản gồm:  08 – 10 Cành hồng chùm Sedona Lá đối, lá Bạc, cỏ suối", "flower_types": [1, 2, 3, 11, 18, 25]}}, {"model": "shop_flower.flower", "pk": 42, "fields": {"name": "Bó Hoa Tình Yêu 2", "sell_price": "599000.00", "image": "flowers/mau-hoa-1-10-700x700.png", "is_active": true, "description": "Bó Hoa Mix Tone Hồng – Cơ bản gồm:  Hoa Hồng Kem, hoa Hồng chùm Juliet, cúc Pingpong, hoa Lan Tường Mix cùng hoa Phăng, cúc Tana, cúc Kali, cỏ Đồng Tiền, lá Tuyết Mai", "flower_types": [1, 11, 18, 21, 24, 25]}}, {"model": "shop_flower.flower", "pk": 43, "fields": {"name": "Bó Hoa Cưới Tulip", "sell_price": "1299000.00", "image": "flowers/mau-hoa-1-15-700x700.png", "is_active": true, "description": "Bó Hoa cưới Tulip trắng nhập khẩu – Cơ bản gồm:  18-20 bông Tulip trắng Hoa cài áo chú rể", "flower_types": [1, 6, 14, 16]}}, {"model": "shop_flower.flower", "pk": 44, "fields": {"name": "Bó Hoa Ohara Hồng", "sell_price": "699000.00", "image": "flowers/mau-hoa-1-16-700x700.png", "is_active": true, "description": "Bó Hồng Ohara – Cơ bản gồm:  20 Bông Hồng Ohara nhập khẩu Lá bạc", "flower_types": [1, 2, 11, 18]}}, {"model": "shop_flower.flower", "pk": 45, "fields": {"name": "Bó Hoa Hồng Kem", "sell_price": "499000.00", "image": "flowers/mau-hoa-1-29-700x700.png", "is_active": true, "description": "Bó Hoa Hồng Kem mix – Cơ bản gồm:  15 – 16 bông hồng Kem dâu Lá bạc", "flower_types": [1, 2, 3, 11]}}, {"model": "shop_flower.flower", "pk": 46, "fields": {"name": "Bó Hoa Hồng Spirit", "sell_price": "399000.00", "image": "flowers/mau-hoa-1-31-700x700.png", "is_active": true, "description": "Bó Hoa Hồng Cam Spirit –  Cơ bản gồm:  10 -12 bông hoa Hồng Spirit Hoa Baby trắng, cỏ Đồng Tiền, lá Bạc", "flower_types": [1, 2, 11]}}, {"model": "shop_flower.flower", "pk": 47, "fields": {"name": "Bó Hồng Capuchino", "sell_price": "399000.00", "image": "flowers/mau-hoa-1-33-700x700.png", "is_active": true, "description": "Bó Hồng Capuchino – Cơ bản gồm:  10 – 12 bông Hồng Capuchino Hoa Lan Tường", "flower_types": [1, 2, 6, 7, 9, 21]}}, {"model": "shop_flower.flower", "pk": 48, "fields": {"name": "Box Hoa Juliet", "sell_price": "799000.00", "image": "flowers/mau-hoa-1-36-700x700.png", "is_active": true, "description": "Box Hoa Juliet – Cơ bản gồm:  Hoa Hồng Juliet, hoa Hồng Kem, hoa Phăng Hồng, hoa Đồng Tiền, hoa Lan Tường, hoa Thúy Châu Cỏ Đồng Tiền, lá Bạc", "flower_types": [5, 7, 11, 20, 21, 24]}}, {"model": "shop_flower.flower", "pk": 49, "fields": {"name": "Bó Hoa Gấu 02", "sell_price": "399000.00", "image": "flowers/mau-hoa-1-37-700x700.png", "is_active": true, "description": "Bó Hoa Gấu Tốt Nghiệp – Cơ bản gồm:  01 Gấu 15cm Hoa Hướng Dương, hoa Hồng Kem, hoa Đồng Tiền, hoa Baby Trắng, cúc Tana Lá Bạc, Sao Tím", "flower_types": [1, 9, 11, 13, 16, 25, 30]}}, {"model": "shop_flower.flower", "pk": 50, "fields": {"name": "Bó Hoa Baby Xanh", "sell_price": "499000.00", "image": "flowers/mau-hoa-1-39-700x700.png", "is_active": true, "description": "Bó Hoa Baby Xịt Sơn Xanh – Cơ bản gồm:  Hoa Baby trăng tươi xịt sơn xanh Có thể để khô được", "flower_types": [1, 7]}}, {"model": "shop_flower.flower", "pk": 51, "fields": {"name": "Bó Hoa Gấu 03", "sell_price": "399000.00", "image": "flowers/mau-hoa-1-40-700x700.png", "is_active": true, "description": "Bó Hoa Gấu Tốt Nghiệp – Cơ bản gồm:  01 Gấu tốt nghiệp 15cm Hoa Hồng, hoa Lan Tường, hoa Đồng Tiền, cúc Tana, cúc Rosy Cỏ Đồng Tiền, lá Tuyết Mai", "flower_types": [1, 9, 11, 20, 21, 24, 25, 26]}}, {"model": "shop_flower.flower", "pk": 52, "fields": {"name": "Bó Hoa Baby Hồng", "sell_price": "899000.00", "image": "flowers/mau-hoa-1-46-700x700.png", "is_active": true, "description": "Bó Hoa Baby Hồng – Cơ bản gồm:  Hoa Baby trắng xịt sơn hồng", "flower_types": [1, 18, 31]}}, {"model": "shop_flower.flower", "pk": 53, "fields": {"name": "Bó Hoa Tình Yêu", "sell_price": "599000.00", "image": "flowers/true_love_tulip_g9v7NJm.png", "is_active": true, "description": "Bó Hoa Tone Hồng Mix – Cơ bản gồm:  Hoa Hồng Luân Đôn, hồng Kem, hoa Phăng Hồng Mix với hoa Thúy Châu, hoa Đồng Tiền, lá Tuyết Mai, lá Bạc, cỏ Đồng Tiền", "flower_types": [1, 18, 20, 24, 30]}}, {"model": "shop_flower.flower", "pk": 54, "fields": {"name": "Bó Hoa Giai Điệu Xanh", "sell_price": "599000.00", "image": "flowers/mau-hoa-1-700x700.jpg", "is_active": true, "description": "Bó Hoa Tú Cầu Xanh – Cơ bản gồm:  Hoa Cẩm Tú Cầu nhập khẩu Hà Lan Mix cùng lan tường, cúc mimi, cỏ suối", "flower_types": [1, 21, 29]}}, {"model": "shop_flower.flower", "pk": 55, "fields": {"name": "Bloom 1", "sell_price": "299000.00", "image": "flowers/mau-hoa-1-700x700_fhHY9Yf.png", "is_active": true, "description": "Bó Hồng Capuchino mix – Cơ bản gồm  Hồng Capuchino nhập ngoại Hoa Lan Tường, hoa Đồng Tiền, cúc Tana, cỏ Đồng Tiền, lá Bạc…", "flower_types": [1, 2, 11, 20, 21, 25, 30]}}, {"model": "shop_flower.flower", "pk": 56, "fields": {"name": "Bó Hoa Gấu Tốt Nghiệp", "sell_price": "499000.00", "image": "flowers/mau-hoa-123-700x700_1.png", "is_active": true, "description": "Bó Hoa Gấu Tốt Nghiệp – Cơ bản gồm:  01 Gấu tốt nghiệp cao khoảng 20cm 04 bông hoa Hồng trắng Hoa Đồng Tiền, cúc Tana, hoa Lan Tường, cỏ Đồng Tiền, lá Bạc, lá Tuyết Mai", "flower_types": [1, 9, 11, 20, 21, 24, 25, 26]}}, {"model": "shop_flower.flower", "pk": 57, "fields": {"name": "Bloom 5", "sell_price": "299000.00", "image": "flowers/mau-hoa-123-700x700.png", "is_active": true, "description": "Bó Hoa Hồng kem mix – Cơ bản gồm:  Hoa Hồng Kem, cúc Tana Mix cùng cỏ đồng tiền, lá bạc", "flower_types": [1, 11, 24, 25, 30]}}, {"model": "shop_flower.flower", "pk": 58, "fields": {"name": "Bloom 9", "sell_price": "299000.00", "image": "flowers/mau-hoa-134-700x700_1.png", "is_active": true, "description": "Bó Hoa Hướng Dương mix – Cơ bản gồm:  Hoa Hướng Dương, cúc Tana Mix cùng hoa baby trắng, cỏ đồng tiền, lá bạc", "flower_types": [13, 24, 25, 30]}}, {"model": "shop_flower.flower", "pk": 59, "fields": {"name": "Bloom 8", "sell_price": "299000.00", "image": "flowers/mau-hoa-345-700x700.png", "is_active": true, "description": "Bó Hoa Hồng Lạc Thần – Cơ bản gồm:  Hoa Hồng Lạc Thần Mix cùng lá tuyết mai, lá bạc, cỏ đồng tiền", "flower_types": [1, 11, 24, 26, 30]}}, {"model": "shop_flower.flower", "pk": 60, "fields": {"name": "Bloom 6", "sell_price": "299000.00", "image": "flowers/mau-hoa-567-700x700_5T1bq5Q.png", "is_active": true, "description": "Bó Hoa hồng mix – Cơ bản gồm:  Hoa Hồng kem, hoa Lan Tường, hoa phăng trắng, phăng hồng, hoa đồng tiền mix cùng cúc rosy, cỏ đồng tiền, lá bạc", "flower_types": [1, 7, 9, 11, 21, 24, 30]}}, {"model": "shop_flower.flower", "pk": 61, "fields": {"name": "Bloom 7", "sell_price": "299000.00", "image": "flowers/mau-hoa-678-700x700.png", "is_active": true, "description": "Bó Hoa Cẩm Tú Cầu mix – Cơ bản gồm:  Hoa Cẩm Tú Cầu, hoa hồng trắng, hoa đồng tiền mix cùng hoa baby trắng, cúc tana, cỏ đồng tiền, lá bạc", "flower_types": [1, 2, 7, 20, 25, 29, 30, 31]}}, {"model": "shop_flower.flower", "pk": 62, "fields": {"name": "Bloom 4", "sell_price": "299000.00", "image": "flowers/mau-hoa-1567-700x700.png", "is_active": true, "description": "Bó Hồng chùm Sendo mix – Cơ bản gồm:  Hồng Chùm Sendona, hoa đồng tiên, hoa phăng chùm hồng Mix cùng cỏ đồng tiền, lá bạc", "flower_types": [1, 11, 20, 30]}}, {"model": "shop_flower.flower", "pk": 63, "fields": {"name": "True Love 03", "sell_price": "899000.00", "image": "flowers/true_love_tulip_2.png", "is_active": true, "description": "Bó Hoa Tulip Trắng – Cơ bản gồm:  09 – 10 bông hoa Tulip Trắng", "flower_types": [1, 3, 16, 18]}}, {"model": "shop_flower.flower", "pk": 64, "fields": {"name": "True Love", "sell_price": "1299000.00", "image": "flowers/true_love_tulip.png", "is_active": true, "description": "Bó hoa Tulip trắng nhập khẩu Hà Lan – Cơ bản gồm:  18-20 bông hoa Tulip Hoa Thúy Châu, cỏ Đồng tiền, lá Tuyết Mai", "flower_types": [1, 18, 34]}}, {"model": "shop_flower.flowerbatch", "pk": 8, "fields": {"flower": 59, "import_date": "2026-02-22", "expire_date": "2026-04-25", "import_price": "150000.00", "quantity": 10, "remaining_quantity": 10, "status": "còn hàng"}}, {"model": "shop_flower.flowerbatch", "pk": 9, "fields": {"flower": 12, "import_date": "2026-02-22", "expire_date": "2026-04-25", "import_price": "250000.00", "quantity": 10, "remaining_quantity": 10, "status": "còn hàng"}}, {"model": "shop_flower.order", "pk": 1, "fields": {"user": null, "created_at": "2026-02-22T09:20:42.494Z", "customer_name": "Unknown", "note": null, "phone": "Unknown", "email": null, "delivery_address": "10 Dinh Cong, Ha Noi", "total_amount": "5681000.00", "status": "pending", "voucher": "0.00", "shipper_name": null, "shipper_number": null, "sub_total": "0.00", "discount_amount": "0.00", "shipping_fee": "0.00"}}, {"model": "shop_flower.order", "pk": 2, "fields": {"user": null, "created_at": "2026-02-22T09:20:42.494Z", "customer_name": "Bloom 2", "note": "", "phone": "0936033374", "email": "pxv2362k4@gmail.com", "delivery_address": "qưeqweqweqwqrqwr", "total_amount": "947000.00", "status": "pending", "voucher": "0.00", "shipper_name": null, "shipper_number": null, "sub_total": "0.00", "discount_amount": "0.00", "shipping_fee": "0.00"}}, {"model": "shop_flower.order", "pk": 3, "fields": {"user": null, "created_at": "2026-02-22T09:20:42.494Z", "customer_name": "Đẹp trai", "note": "", "phone": "0936033374", "email": "pxv2362k4@gmail.com", "delivery_address": "ưqeqwewqewqewqeqw", "total_amount": "947000.00", "status": "pending", "voucher": "0.00", "shipper_name": null, "shipper_number": null, "sub_total": "0.00", "discount_amount": "0.00", "shipping_fee": "0.00"}}, {"model": "shop_flower.order", "pk": 4, "fields": {"user": null, "created_at": "2026-02-22T09:20:42.494Z", "customer_name": "Đẹp trai", "note": "", "phone": "0936033374", "email": "pxv2362k4@gmail.com", "delivery_address": "qưeqweqweqwqweqwrsafd", "total_amount": "947000.00", "status": "pending", "voucher": "0.00", "shipper_name": null, "shipper_number": null, "sub_total": "0.00", "discount_amount": "0.00", "shipping_fee": "0.00"}}, {"model": "shop_flower.order", "pk": 5, "fields": {"user": null, "created_at": "2026-02-22T09:20:42.494Z", "customer_name": "Đẹp trai", "note": "", "phone": "0936033374", "email": "pxv2362k4@gmail.com", "delivery_address": "Ha noi 123412545112", "total_amount": "1844000.00", "status": "pending", "voucher": "0.00", "shipper_name": null, "shipper_number": null, "sub_total": "0.00", "discount_amount": "0.00", "shipping_fee": "0.00"}}, {"model": "shop_flower.order", "pk": 6, "fields": {"user": null, "created_at": "2026-02-22T09:20:42.494Z", "customer_name": "Đẹp trai", "note": "", "phone": "0936033374", "email": "pxv2362k4@gmail.com", "delivery_address": "qưeqweqweqwe", "total_amount": "1844000.00", "status": "pending", "voucher": "0.00", "shipper_name": null, "shipper_number": null, "sub_total": "0.00", "discount_amount": "0.00", "shipping_fee": "0.00"}}, {"model": "shop_flower.order", "pk": 7, "fields": {"user": null, "created_at": "2026-02-22T09:20:42.494Z", "customer_name": "kôNg tÚa pé pỏng kiutee đáng yêu vô tận", "note": "", "phone": "0936033374", "email": "lyphgkm@gmail.com", "delivery_address": "Nung ta nung tung", "total_amount": "1844000.00", "status": "pending", "voucher": "0.00", "shipper_name": null, "shipper_number": null, "sub_total": "0.00", "discount_amount": "0.00", "shipping_fee": "0.00"}}, {"model": "shop_flower.order", "pk": 8, "fields": {"user": null, "created_at": "2026-02-22T09:20:42.494Z", "customer_name": "kôNg tÚa pé pỏng kiutee đáng yêu vô tận", "note": "", "phone": "0936033374", "email": "lyphgkm@gmail.com", "delivery_address": "Nung ta nung tung", "total_amount": "1844000.00", "status": "pending", "voucher": "0.00", "shipper_name": null, "shipper_number": null, "sub_total": "0.00", "discount_amount": "0.00", "shipping_fee": "0.00"}}, {"model": "shop_flower.order", "pk": 9, "fields": {"user": null, "created_at": "2026-02-22T09:20:42.494Z", "customer_name": "kôNg tÚa pé pỏng kiutee đáng yêu vô tận", "note": "", "phone": "0936033374", "email": "lyphgkm@gmail.com", "delivery_address": "nung ta nung tung", "total_amount": "1844000.00", "status": "pending", "voucher": "0.00", "shipper_name": null, "shipper_number": null, "sub_total": "0.00", "discount_amount": "0.00", "shipping_fee": "0.00"}}, {"model": "shop_flower.order", "pk": 10, "fields": {"user": null, "created_at": "2026-02-22T09:20:42.494Z", "customer_name": "thailqdev 1", "note": "", "phone": "0999999999", "email": "quocthai9210@gmail.com", "delivery_address": "ưqewqewqeewqeqwqe", "total_amount": "0.00", "status": "pending", "voucher": "0.00", "shipper_name": null, "shipper_number": null, "sub_total": "0.00", "discount_amount": "0.00", "shipping_fee": "0.00"}}, {"model": "shop_flower.order", "pk": 11, "fields": {"user": null, "created_at": "2026-02-22T09:20:42.494Z", "customer_name": "thailqdev 1", "note": "", "phone": "0999999999", "email": "thailqhe181201@fpt.edu.vn", "delivery_address": "eqwwqewqewqeqwe", "total_amount": "1106400.00", "status": "pending", "voucher": "0.00", "shipper_name": null, "shipper_number": null, "sub_total": "0.00", "discount_amount": "0.00", "shipping_fee": "0.00"}}, {"model": "shop_flower.order", "pk": 12, "fields": {"user": null, "created_at": "2026-02-22T09:20:42.494Z", "customer_name": "Em thành hề hước", "note": "bán hoa", "phone": "0999999999", "email": "nghuuthanh1412004@gmail.com", "delivery_address": "wqeqweqweqwqwe", "total_amount": "1106400.00", "status": "pending", "voucher": "0.00", "shipper_name": null, "shipper_number": null, "sub_total": "0.00", "discount_amount": "0.00", "shipping_fee": "0.00"}}, {"model": "shop_flower.order", "pk": 13, "fields": {"user": null, "created_at": "2026-02-22T09:20:42.494Z", "customer_name": "Em thành hề hước", "note": "", "phone": "0999999999", "email": "nghuuthanh1412004@gmail.com", "delivery_address": "gghjgjjhggjhjhhjjh", "total_amount": "568200.00", "status": "pending", "voucher": "0.00", "shipper_name": null, "shipper_number": null, "sub_total": "0.00", "discount_amount": "0.00", "shipping_fee": "0.00"}}, {"model": "shop_flower.order", "pk": 14, "fields": {"user": null, "created_at": "2026-02-22T09:20:42.494Z", "customer_name": "Em thành hề hước", "note": "", "phone": "0363636361", "email": "hmp1108@gmail.com", "delivery_address": "Hà nội jerqwejqwkje", "total_amount": "837300.00", "status": "pending", "voucher": "0.00", "shipper_name": null, "shipper_number": null, "sub_total": "0.00", "discount_amount": "0.00", "shipping_fee": "0.00"}}, {"model": "shop_flower.order", "pk": 15, "fields": {"user": null, "created_at": "2026-02-22T09:20:42.494Z", "customer_name": "Em thành hề hước", "note": "", "phone": "0363636361", "email": "hoangminhphuc1108@gmail.com", "delivery_address": "ưqeweqwqewqeweqwqe", "total_amount": "897000.00", "status": "pending", "voucher": "0.00", "shipper_name": null, "shipper_number": null, "sub_total": "0.00", "discount_amount": "0.00", "shipping_fee": "0.00"}}, {"model": "shop_flower.order", "pk": 16, "fields": {"user": null, "created_at": "2026-02-22T09:20:42.494Z", "customer_name": "Mộ Xum Xuê", "note": "", "phone": "0337821598", "email": "nghuuthanh1412004@gmail.com", "delivery_address": "nahnahannah", "total_amount": "299000.00", "status": "pending", "voucher": "0.00", "shipper_name": null, "shipper_number": null, "sub_total": "0.00", "discount_amount": "0.00", "shipping_fee": "0.00"}}, {"model": "shop_flower.order", "pk": 17, "fields": {"user": null, "created_at": "2026-02-22T09:20:42.494Z", "customer_name": "Em thành hề hước", "note": "", "phone": "0363636361", "email": "pxv2362k4@gmail.com", "delivery_address": "hanoidaskdqwke", "total_amount": "990000.00", "status": "pending", "voucher": "0.00", "shipper_name": null, "shipper_number": null, "sub_total": "0.00", "discount_amount": "0.00", "shipping_fee": "0.00"}}, {"model": "shop_flower.order", "pk": 18, "fields": {"user": null, "created_at": "2026-02-22T09:20:42.494Z", "customer_name": "Em thành hề hước", "note": "", "phone": "0363636361", "email": "pxv2362k4@gmail.com", "delivery_address": "ưqeqwewqwqeqwe", "total_amount": "921000.00", "status": "pending", "voucher": "0.00", "shipper_name": null, "shipper_number": null, "sub_total": "0.00", "discount_amount": "0.00", "shipping_fee": "0.00"}}, {"model": "shop_flower.order", "pk": 19, "fields": {"user": null, "created_at": "2026-02-22T09:21:48.615Z", "customer_name": "Em thành hề hước", "note": "", "phone": "0363636361", "email": "pxv2362k4@gmail.com", "delivery_address": "qưeqweqweqweq", "total_amount": "990000.00", "status": "chờ duyệt", "voucher": "0.00", "shipper_name": null, "shipper_number": null, "sub_total": "990000.00", "discount_amount": "0.00", "shipping_fee": "0.00"}}, {"model": "shop_flower.order", "pk": 20, "fields": {"user": null, "created_at": "2026-02-22T09:24:47.327Z", "customer_name": "Em thành hề hước", "note": "", "phone": "0363636361", "email": "pxv2362k4@gmail.com", "delivery_address": "rưqrewqr1234eq", "total_amount": "990000.00", "status": "chờ duyệt", "voucher": "0.00", "shipper_name": null, "shipper_number": null, "sub_total": "990000.00", "discount_amount": "0.00", "shipping_fee": "0.00"}}, {"model": "shop_flower.order", "pk": 21, "fields": {"user": null, "created_at": "2026-02-22T09:27:51.197Z", "customer_name": "Em thành hề hước", "note": "", "phone": "0363636361", "email": "pxv2362k4@gmail.com", "delivery_address": "ploondaksdknwqe", "total_amount": "921000.00", "status": "chờ duyệt", "voucher": "0.00", "shipper_name": null, "shipper_number": null, "sub_total": "990000.00", "discount_amount": "99000.00", "shipping_fee": "30000.00"}}, {"model": "shop_flower.order", "pk": 22, "fields": {"user": null, "created_at": "2026-02-22T09:28:51.771Z", "customer_name": "Em thành hề hước", "note": "", "phone": "0363636361", "email": "pxv2362k4@gmail.com", "delivery_address": "eqwqewwqewqeqw", "total_amount": "990000.00", "status": "chờ duyệt", "voucher": "0.00", "shipper_name": null, "shipper_number": null, "sub_total": "990000.00", "discount_amount": "0.00", "shipping_fee": "0.00"}}, {"model": "shop_flower.order", "pk": 23, "fields": {"user": null, "created_at": "2026-02-22T10:47:08.265Z", "customer_name": "Em thành hề hước", "note": "", "phone": "0363636361", "email": "pxv2362k4@gmail.com", "delivery_address": "qưeqweqweưqe", "total_amount": "990000.00", "status": "chờ duyệt", "voucher": "0.00", "shipper_name": null, "shipper_number": null, "sub_total": "990000.00", "discount_amount": "0.00", "shipping_fee": "0.00"}}, {"model": "shop_flower.order", "pk": 24, "fields": {"user": null, "created_at": "2026-02-22T10:50:25.301Z", "customer_name": "Em thành hề hước", "note": "", "phone": "0363636361", "email": "pxv2362k4@gmail.com", "delivery_address": "qưeqwqwewqeqweqwe", "total_amount": "1020000.00", "status": "chờ duyệt", "voucher": "0.00", "shipper_name": null, "shipper_number": null, "sub_total": "990000.00", "discount_amount": "0.00", "shipping_fee": "30000.00"}}, {"model": "shop_flower.order", "pk": 25, "fields": {"user": null, "created_at": "2026-02-22T11:13:08.524Z", "customer_name": "Em thành hề hước", "note": "", "phone": "0363636361", "email": "pxv2362k4@gmail.com", "delivery_address": "qưeqwwqewqewqeqwe", "total_amount": "921000.00", "status": "chờ duyệt", "voucher": "0.00", "shipper_name": null, "shipper_number": null, "sub_total": "990000.00", "discount_amount": "99000.00", "shipping_fee": "30000.00"}}, {"model": "shop_flower.order", "pk": 26, "fields": {"user": null, "created_at": "2026-02-23T03:10:26.783Z", "customer_name": "Em thành hề hước", "note": "", "phone": "0363636361", "email": "nghuuthanh1412004@gmail.com", "delivery_address": "ưqewqewqwqewqewqe", "total_amount": "921000.00", "status": "chờ duyệt", "voucher": "0.00", "shipper_name": null, "shipper_number": null, "sub_total": "990000.00", "discount_amount": "99000.00", "shipping_fee": "30000.00"}}, {"model": "shop_flower.orderitem", "pk": 56, "fields": {"order": 17, "flower": 12, "quantity": 1, "price": "990000.00"}}, {"model": "shop_flower.orderitem", "pk": 57, "fields": {"order": 18, "flower": 12, "quantity": 1, "price": "990000.00"}}, {"model": "shop_flower.orderitem", "pk": 58, "fields": {"order": 19, "flower": 12, "quantity": 1, "price": "990000.00"}}, {"model": "shop_flower.orderitem", "pk": 59, "fields": {"order": 20, "flower": 12, "quantity": 1, "price": "990000.00"}}, {"model": "shop_flower.orderitem", "pk": 60, "fields": {"order": 21, "flower": 12, "quantity": 1, "price": "990000.00"}}, {"model": "shop_flower.orderitem", "pk": 61, "fields": {"order": 22, "flower": 12, "quantity": 1, "price": "990000.00"}}, {"model": "shop_flower.orderitem", "pk": 62, "fields": {"order": 23, "flower": 12, "quantity": 1, "price": "990000.00"}}, {"model": "shop_flower.orderitem", "pk": 63, "fields": {"order": 24, "flower": 12, "quantity": 1, "price": "990000.00"}}, {"model": "shop_flower.orderitem", "pk": 64, "fields": {"order": 25, "flower": 12, "quantity": 1, "price": "990000.00"}}, {"model": "shop_flower.orderitem", "pk": 65, "fields": {"order": 26, "flower": 12, "quantity": 1, "price": "990000.00"}}, {"model": "shop_flower.payment", "pk": 1, "fields": {"order": 20, "method": null, "status": "pending", "amount": "990000.00", "proof": "", "created_at": "2026-02-22T09:24:47.379Z", "updated_at": "2026-02-22T09:24:47.379Z"}}, {"model": "shop_flower.payment", "pk": 2, "fields": {"order": 21, "method": null, "status": "pending", "amount": "921000.00", "proof": "", "created_at": "2026-02-22T09:27:51.252Z", "updated_at": "2026-02-22T09:27:51.252Z"}}, {"model": "shop_flower.payment", "pk": 3, "fields": {"order": 22, "method": null, "status": "pending", "amount": "990000.00", "proof": "", "created_at": "2026-02-22T09:28:51.799Z", "updated_at": "2026-02-22T09:28:51.799Z"}}, {"model": "shop_flower.payment", "pk": 4, "fields": {"order": 23, "method": null, "status": "pending", "amount": "990000.00", "proof": "", "created_at": "2026-02-22T10:47:08.277Z", "updated_at": "2026-02-22T10:47:08.277Z"}}, {"model": "shop_flower.payment", "pk": 5, "fields": {"order": 24, "method": "bank", "status": "initiated", "amount": "1020000.00", "proof": "", "created_at": "2026-02-22T10:50:25.316Z", "updated_at": "2026-02-22T10:50:25.316Z"}}, {"model": "shop_flower.payment", "pk": 6, "fields": {"order": 25, "method": "bank", "status": "initiated", "amount": "921000.00", "proof": "", "created_at": "2026-02-22T11:13:08.547Z", "updated_at": "2026-02-22T11:13:08.547Z"}}, {"model": "shop_flower.payment", "pk": 7, "fields": {"order": 26, "method": null, "status": "pending", "amount": "921000.00", "proof": "", "created_at": "2026-02-23T03:10:26.801Z", "updated_at": "2026-02-23T03:10:26.801Z"}}, {"model": "admin.logentry", "pk": 1, "fields": {"action_time": "2026-01-16T10:27:04.158Z", "user": ["sa"], "content_type": ["shop_flower", "flowertype"], "object_id": "1", "object_repr": "Bloom 1", "action_flag": 1, "change_message": "[{\"added\": {}}]"}}, {"model": "admin.logentry", "pk": 2, "fields": {"action_time": "2026-01-16T10:27:37.839Z", "user": ["sa"], "content_type": ["shop_flower", "flowertype"], "object_id": "2", "object_repr": "Bloom 2", "action_flag": 1, "change_message": "[{\"added\": {}}]"}}, {"model": "admin.logentry", "pk": 3, "fields": {"action_time": "2026-01-16T10:27:50.664Z", "user": ["sa"], "content_type": ["shop_flower", "flowertype"], "object_id": "3", "object_repr": "Bloom 2", "action_flag": 1, "change_message": "[{\"added\": {}}]"}}, {"model": "admin.logentry", "pk": 4, "fields": {"action_time": "2026-01-16T10:28:01.555Z", "user": ["sa"], "content_type": ["shop_flower", "flowertype"], "object_id": "3", "object_repr": "Bloom 3", "action_flag": 2, "change_message": "[{\"changed\": {\"fields\": [\"Name\"]}}]"}}, {"model": "admin.logentry", "pk": 5, "fields": {"action_time": "2026-01-16T10:28:20.763Z", "user": ["sa"], "content_type": ["shop_flower", "flowertype"], "object_id": "4", "object_repr": "Bloom 4", "action_flag": 1, "change_message": "[{\"added\": {}}]"}}, {"model": "admin.logentry", "pk": 6, "fields": {"action_time": "2026-01-16T10:28:34.244Z", "user": ["sa"], "content_type": ["shop_flower", "flowertype"], "object_id": "5", "object_repr": "Bloom 5", "action_flag": 1, "change_message": "[{\"added\": {}}]"}}, {"model": "admin.logentry", "pk": 7, "fields": {"action_time": "2026-01-16T10:28:45.871Z", "user": ["sa"], "content_type": ["shop_flower", "flowertype"], "object_id": "6", "object_repr": "Bloom 6", "action_flag": 1, "change_message": "[{\"added\": {}}]"}}, {"model": "admin.logentry", "pk": 8, "fields": {"action_time": "2026-01-16T10:28:49.828Z", "user": ["sa"], "content_type": ["shop_flower", "flowertype"], "object_id": "7", "object_repr": "Bloom 7", "action_flag": 1, "change_message": "[{\"added\": {}}]"}}, {"model": "admin.logentry", "pk": 9, "fields": {"action_time": "2026-01-16T10:29:06.665Z", "user": ["sa"], "content_type": ["shop_flower", "flowertype"], "object_id": "8", "object_repr": "Bloom 8", "action_flag": 1, "change_message": "[{\"added\": {}}]"}}, {"model": "admin.logentry", "pk": 10, "fields": {"action_time": "2026-01-16T10:29:35.318Z", "user": ["sa"], "content_type": ["shop_flower", "flowertype"], "object_id": "9", "object_repr": "Bloom 9", "action_flag": 1, "change_message": "[{\"added\": {}}]"}}, {"model": "admin.logentry", "pk": 11, "fields": {"action_time": "2026-01-16T10:30:26.019Z", "user": ["sa"], "content_type": ["shop_flower", "flowertype"], "object_id": "10", "object_repr": "Bloom Hydrangea", "action_flag": 1, "change_message": "[{\"added\": {}}]"}}, {"model": "admin.logentry", "pk": 12, "fields": {"action_time": "2026-01-16T10:30:54.088Z", "user": ["sa"], "content_type": ["shop_flower", "flowertype"], "object_id": "11", "object_repr": "Blue Star", "action_flag": 1, "change_message": "[{\"added\": {}}]"}}, {"model": "admin.logentry", "pk": 13, "fields": {"action_time": "2026-01-16T10:31:08.254Z", "user": ["sa"], "content_type": ["shop_flower", "flowertype"], "object_id": "12", "object_repr": "Blue Star 2", "action_flag": 1, "change_message": "[{\"added\": {}}]"}}, {"model": "admin.logentry", "pk": 14, "fields": {"action_time": "2026-01-16T10:34:00.373Z", "user": ["sa"], "content_type": ["shop_flower", "flower"], "object_id": "1", "object_repr": "Bloom 1", "action_flag": 1, "change_message": "[{\"added\": {}}]"}}, {"model": "admin.logentry", "pk": 15, "fields": {"action_time": "2026-01-16T10:42:19.097Z", "user": ["sa"], "content_type": ["shop_flower", "flower"], "object_id": "2", "object_repr": "Bloom 2", "action_flag": 1, "change_message": "[{\"added\": {}}]"}}, {"model": "admin.logentry", "pk": 16, "fields": {"action_time": "2026-01-16T10:42:42.770Z", "user": ["sa"], "content_type": ["shop_flower", "flower"], "object_id": "3", "object_repr": "Bloom 3", "action_flag": 1, "change_message": "[{\"added\": {}}]"}}, {"model": "admin.logentry", "pk": 17, "fields": {"action_time": "2026-01-16T10:43:08.654Z", "user": ["sa"], "content_type": ["shop_flower", "flower"], "object_id": "4", "object_repr": "Bloom 4", "action_flag": 1, "change_message": "[{\"added\": {}}]"}}, {"model": "admin.logentry", "pk": 18, "fields": {"action_time": "2026-01-16T10:43:33.620Z", "user": ["sa"], "content_type": ["shop_flower", "flower"], "object_id": "5", "object_repr": "Bloom 5", "action_flag": 1, "change_message": "[{\"added\": {}}]"}}, {"model": "admin.logentry", "pk": 19, "fields": {"action_time": "2026-01-16T10:44:16.166Z", "user": ["sa"], "content_type": ["shop_flower", "flower"], "object_id": "6", "object_repr": "Bloom 6", "action_flag": 1, "change_message": "[{\"added\": {}}]"}}, {"model": "admin.logentry", "pk": 20, "fields": {"action_time": "2026-01-16T10:48:13.138Z", "user": ["sa"], "content_type": ["shop_flower", "flower"], "object_id": "5", "object_repr": "Bloom 5", "action_flag": 2, "change_message": "[{\"changed\": {\"fields\": [\"Image\"]}}]"}}, {"model": "admin.logentry", "pk": 21, "fields": {"action_time": "2026-01-29T10:29:32.340Z", "user": ["sa"], "content_type": ["shop_flower", "flowerbatch"], "object_id": "1", "object_repr": "Bloom 1 - 2026-01-29", "action_flag": 1, "change_message": "[{\"added\": {}}]"}}, {"model": "admin.logentry", "pk": 22, "fields": {"action_time": "2026-01-29T10:29:37.575Z", "user": ["sa"], "content_type": ["shop_flower", "flowerbatch"], "object_id": "2", "object_repr": "Bloom 2 - 2026-01-29", "action_flag": 1, "change_message": "[{\"added\": {}}]"}}, {"model": "admin.logentry", "pk": 23, "fields": {"action_time": "2026-01-29T10:29:41.690Z", "user": ["sa"], "content_type": ["shop_flower", "flowerbatch"], "object_id": "3", "object_repr": "Bloom 3 - 2026-01-29", "action_flag": 1, "change_message": "[{\"added\": {}}]"}}, {"model": "admin.logentry", "pk": 24, "fields": {"action_time": "2026-01-29T10:29:45.677Z", "user": ["sa"], "content_type": ["shop_flower", "flowerbatch"], "object_id": "4", "object_repr": "Bloom 4 - 2026-01-29", "action_flag": 1, "change_message": "[{\"added\": {}}]"}}, {"model": "admin.logentry", "pk": 25, "fields": {"action_time": "2026-01-29T10:29:49.731Z", "user": ["sa"], "content_type": ["shop_flower", "flowerbatch"], "object_id": "5", "object_repr": "Bloom 5 - 2026-01-29", "action_flag": 1, "change_message": "[{\"added\": {}}]"}}, {"model": "admin.logentry", "pk": 26, "fields": {"action_time": "2026-01-29T10:29:54.308Z", "user": ["sa"], "content_type": ["shop_flower", "flowerbatch"], "object_id": "6", "object_repr": "Bloom 6 - 2026-01-29", "action_flag": 1, "change_message": "[{\"added\": {}}]"}}, {"model": "admin.logentry", "pk": 27, "fields": {"action_time": "2026-01-29T10:30:06.446Z", "user": ["sa"], "content_type": ["shop_flower", "flowerbatch"], "object_id": "7", "object_repr": "Bloom 1 - 2026-01-29", "action_flag": 1, "change_message": "[{\"added\": {}}]"}}, {"model": "admin.logentry", "pk": 28, "fields": {"action_time": "2026-01-29T13:47:32.185Z", "user": ["sa"], "content_type": ["shop_flower", "flowertype"], "object_id": "1", "object_repr": "Bó Hoa", "action_flag": 2, "change_message": "[{\"changed\": {\"fields\": [\"Name\", \"Description\"]}}]"}}, {"model": "admin.logentry", "pk": 29, "fields": {"action_time": "2026-01-29T13:47:48.162Z", "user": ["sa"], "content_type": ["shop_flower", "flowertype"], "object_id": "2", "object_repr": "Hoa Sinh Nhật", "action_flag": 2, "change_message": "[{\"changed\": {\"fields\": [\"Name\", \"Description\"]}}]"}}, {"model": "admin.logentry", "pk": 30, "fields": {"action_time": "2026-01-29T13:48:05.631Z", "user": ["sa"], "content_type": ["shop_flower", "flowertype"], "object_id": "3", "object_repr": "Hoa Sang Trọng", "action_flag": 2, "change_message": "[{\"changed\": {\"fields\": [\"Name\", \"Description\"]}}]"}}, {"model": "admin.logentry", "pk": 31, "fields": {"action_time": "2026-01-29T13:48:21.445Z", "user": ["sa"], "content_type": ["shop_flower", "flowertype"], "object_id": "1", "object_repr": "Bó hoa", "action_flag": 2, "change_message": "[{\"changed\": {\"fields\": [\"Name\"]}}]"}}, {"model": "admin.logentry", "pk": 32, "fields": {"action_time": "2026-01-29T13:48:28.675Z", "user": ["sa"], "content_type": ["shop_flower", "flowertype"], "object_id": "2", "object_repr": "Hoa sinh nhật", "action_flag": 2, "change_message": "[{\"changed\": {\"fields\": [\"Name\"]}}]"}}, {"model": "admin.logentry", "pk": 33, "fields": {"action_time": "2026-01-29T13:48:51.458Z", "user": ["sa"], "content_type": ["shop_flower", "flowertype"], "object_id": "3", "object_repr": "Hoa sang trọng", "action_flag": 2, "change_message": "[{\"changed\": {\"fields\": [\"Name\"]}}]"}}, {"model": "admin.logentry", "pk": 34, "fields": {"action_time": "2026-01-29T13:49:05.186Z", "user": ["sa"], "content_type": ["shop_flower", "flowertype"], "object_id": "4", "object_repr": "Giỏ hoa", "action_flag": 2, "change_message": "[{\"changed\": {\"fields\": [\"Name\", \"Description\"]}}]"}}, {"model": "admin.logentry", "pk": 35, "fields": {"action_time": "2026-01-29T13:49:12.796Z", "user": ["sa"], "content_type": ["shop_flower", "flowertype"], "object_id": "5", "object_repr": "Hộp hoa", "action_flag": 2, "change_message": "[{\"changed\": {\"fields\": [\"Name\", \"Description\"]}}]"}}, {"model": "admin.logentry", "pk": 36, "fields": {"action_time": "2026-01-29T13:49:42.379Z", "user": ["sa"], "content_type": ["shop_flower", "flowertype"], "object_id": "6", "object_repr": "Hoa cưới", "action_flag": 2, "change_message": "[{\"changed\": {\"fields\": [\"Name\", \"Description\"]}}]"}}, {"model": "admin.logentry", "pk": 37, "fields": {"action_time": "2026-01-29T13:50:02.128Z", "user": ["sa"], "content_type": ["shop_flower", "flowertype"], "object_id": "7", "object_repr": "Hoa chúc mừng", "action_flag": 2, "change_message": "[{\"changed\": {\"fields\": [\"Name\", \"Description\"]}}]"}}, {"model": "admin.logentry", "pk": 38, "fields": {"action_time": "2026-01-29T13:50:14.095Z", "user": ["sa"], "content_type": ["shop_flower", "flowertype"], "object_id": "8", "object_repr": "Hoa chia buồn", "action_flag": 2, "change_message": "[{\"changed\": {\"fields\": [\"Name\", \"Description\"]}}]"}}, {"model": "admin.logentry", "pk": 39, "fields": {"action_time": "2026-01-29T13:50:20.850Z", "user": ["sa"], "content_type": ["shop_flower", "flowertype"], "object_id": "9", "object_repr": "Hoa tốt nghiệp", "action_flag": 2, "change_message": "[{\"changed\": {\"fields\": [\"Name\", \"Description\"]}}]"}}, {"model": "admin.logentry", "pk": 40, "fields": {"action_time": "2026-01-29T13:50:34.993Z", "user": ["sa"], "content_type": ["shop_flower", "flowertype"], "object_id": "10", "object_repr": "Lan Hồ Điệp", "action_flag": 2, "change_message": "[{\"changed\": {\"fields\": [\"Name\", \"Description\"]}}]"}}, {"model": "admin.logentry", "pk": 41, "fields": {"action_time": "2026-01-29T13:51:07.032Z", "user": ["sa"], "content_type": ["shop_flower", "flowertype"], "object_id": "10", "object_repr": "Lan hồ điệp", "action_flag": 2, "change_message": "[{\"changed\": {\"fields\": [\"Name\"]}}]"}}, {"model": "admin.logentry", "pk": 42, "fields": {"action_time": "2026-01-29T13:51:12.543Z", "user": ["sa"], "content_type": ["shop_flower", "flowertype"], "object_id": "11", "object_repr": "Hoa hồng", "action_flag": 2, "change_message": "[{\"changed\": {\"fields\": [\"Name\", \"Description\"]}}]"}}, {"model": "admin.logentry", "pk": 43, "fields": {"action_time": "2026-01-29T13:51:26.226Z", "user": ["sa"], "content_type": ["shop_flower", "flowertype"], "object_id": "12", "object_repr": "Hoa cẩm chướng", "action_flag": 2, "change_message": "[{\"changed\": {\"fields\": [\"Name\", \"Description\"]}}]"}}, {"model": "admin.logentry", "pk": 44, "fields": {"action_time": "2026-01-29T13:51:39.554Z", "user": ["sa"], "content_type": ["shop_flower", "flowertype"], "object_id": "13", "object_repr": "Hoa hướng dương", "action_flag": 1, "change_message": "[{\"added\": {}}]"}}, {"model": "admin.logentry", "pk": 45, "fields": {"action_time": "2026-01-29T13:51:45.676Z", "user": ["sa"], "content_type": ["shop_flower", "flowertype"], "object_id": "14", "object_repr": "Hoa lavender", "action_flag": 1, "change_message": "[{\"added\": {}}]"}}, {"model": "admin.logentry", "pk": 46, "fields": {"action_time": "2026-01-29T13:51:54.577Z", "user": ["sa"], "content_type": ["shop_flower", "flowertype"], "object_id": "15", "object_repr": "Hoa mẫu đơn", "action_flag": 1, "change_message": "[{\"added\": {}}]"}}, {"model": "admin.logentry", "pk": 47, "fields": {"action_time": "2026-01-29T13:52:00.590Z", "user": ["sa"], "content_type": ["shop_flower", "flowertype"], "object_id": "16", "object_repr": "Hoa tulip", "action_flag": 1, "change_message": "[{\"added\": {}}]"}}, {"model": "admin.logentry", "pk": 48, "fields": {"action_time": "2026-01-29T13:52:39.055Z", "user": ["sa"], "content_type": ["shop_flower", "flowertype"], "object_id": "17", "object_repr": "Lãng hoa", "action_flag": 1, "change_message": "[{\"added\": {}}]"}}, {"model": "admin.logentry", "pk": 49, "fields": {"action_time": "2026-01-29T13:58:47.048Z", "user": ["sa"], "content_type": ["shop_flower", "flower"], "object_id": "6", "object_repr": "Bloom 6", "action_flag": 2, "change_message": "[{\"changed\": {\"fields\": [\"Flower types\"]}}]"}}, {"model": "admin.logentry", "pk": 50, "fields": {"action_time": "2026-01-29T13:59:13.521Z", "user": ["sa"], "content_type": ["shop_flower", "flower"], "object_id": "5", "object_repr": "Bloom 5", "action_flag": 2, "change_message": "[{\"changed\": {\"fields\": [\"Flower types\"]}}]"}}, {"model": "admin.logentry", "pk": 51, "fields": {"action_time": "2026-01-29T13:59:23.982Z", "user": ["sa"], "content_type": ["shop_flower", "flower"], "object_id": "4", "object_repr": "Bloom 4", "action_flag": 2, "change_message": "[{\"changed\": {\"fields\": [\"Flower types\"]}}]"}}, {"model": "admin.logentry", "pk": 52, "fields": {"action_time": "2026-01-29T13:59:36.169Z", "user": ["sa"], "content_type": ["shop_flower", "flower"], "object_id": "3", "object_repr": "Bloom 3", "action_flag": 2, "change_message": "[{\"changed\": {\"fields\": [\"Flower types\"]}}]"}}, {"model": "admin.logentry", "pk": 53, "fields": {"action_time": "2026-01-29T13:59:53.395Z", "user": ["sa"], "content_type": ["shop_flower", "flower"], "object_id": "2", "object_repr": "Bloom 2", "action_flag": 2, "change_message": "[{\"changed\": {\"fields\": [\"Flower types\"]}}]"}}, {"model": "admin.logentry", "pk": 54, "fields": {"action_time": "2026-01-29T14:00:03.252Z", "user": ["sa"], "content_type": ["shop_flower", "flower"], "object_id": "1", "object_repr": "Bloom 1", "action_flag": 2, "change_message": "[{\"changed\": {\"fields\": [\"Flower types\"]}}]"}}, {"model": "admin.logentry", "pk": 55, "fields": {"action_time": "2026-01-29T14:28:05.129Z", "user": ["sa"], "content_type": ["shop_flower", "flower"], "object_id": "1", "object_repr": "Bloom 1", "action_flag": 2, "change_message": "[]"}}, {"model": "admin.logentry", "pk": 56, "fields": {"action_time": "2026-01-29T14:31:38.412Z", "user": ["sa"], "content_type": ["shop_flower", "flower"], "object_id": "6", "object_repr": "Bloom 6", "action_flag": 2, "change_message": "[{\"changed\": {\"fields\": [\"Image\"]}}]"}}, {"model": "admin.logentry", "pk": 57, "fields": {"action_time": "2026-01-29T14:36:30.958Z", "user": ["sa"], "content_type": ["shop_flower", "flower"], "object_id": "7", "object_repr": "Box Hoa Juliet", "action_flag": 1, "change_message": "[{\"added\": {}}]"}}, {"model": "admin.logentry", "pk": 58, "fields": {"action_time": "2026-01-29T14:37:56.843Z", "user": ["sa"], "content_type": ["shop_flower", "flower"], "object_id": "8", "object_repr": "Cẩm Tú Cầu Blue", "action_flag": 1, "change_message": "[{\"added\": {}}]"}}, {"model": "admin.logentry", "pk": 59, "fields": {"action_time": "2026-01-29T14:40:07.454Z", "user": ["sa"], "content_type": ["shop_flower", "flowertype"], "object_id": "18", "object_repr": "Hoa tình yêu", "action_flag": 1, "change_message": "[{\"added\": {}}]"}}, {"model": "admin.logentry", "pk": 60, "fields": {"action_time": "2026-01-29T14:40:19.470Z", "user": ["sa"], "content_type": ["shop_flower", "flowertype"], "object_id": "19", "object_repr": "Hoa Juliet", "action_flag": 1, "change_message": "[{\"added\": {}}]"}}, {"model": "admin.logentry", "pk": 61, "fields": {"action_time": "2026-01-29T14:42:57.845Z", "user": ["sa"], "content_type": ["shop_flower", "flower"], "object_id": "9", "object_repr": "Cẩm Tú Cầu Hồng", "action_flag": 1, "change_message": "[{\"added\": {}}]"}}, {"model": "admin.logentry", "pk": 62, "fields": {"action_time": "2026-01-29T14:45:05.474Z", "user": ["sa"], "content_type": ["shop_flower", "flower"], "object_id": "10", "object_repr": "Cơn Mưa Tình Yêu Tulip", "action_flag": 1, "change_message": "[{\"added\": {}}]"}}, {"model": "admin.logentry", "pk": 63, "fields": {"action_time": "2026-01-29T14:46:15.416Z", "user": ["sa"], "content_type": ["shop_flower", "flower"], "object_id": "11", "object_repr": "Blue Melody", "action_flag": 1, "change_message": "[{\"added\": {}}]"}}, {"model": "admin.logentry", "pk": 64, "fields": {"action_time": "2026-01-29T14:47:08.532Z", "user": ["sa"], "content_type": ["shop_flower", "flower"], "object_id": "12", "object_repr": "Giỏ Hoa Chúc Mừng 2", "action_flag": 1, "change_message": "[{\"added\": {}}]"}}, {"model": "admin.logentry", "pk": 65, "fields": {"action_time": "2026-01-31T06:35:33.523Z", "user": ["sa"], "content_type": ["auth", "user"], "object_id": "1", "object_repr": "sa", "action_flag": 2, "change_message": "[]"}}, {"model": "admin.logentry", "pk": 66, "fields": {"action_time": "2026-01-31T07:09:05.978Z", "user": ["pxv23"], "content_type": ["shop_flower", "flower"], "object_id": "13", "object_repr": "Giỏ Hoa Chúc Mừng 3", "action_flag": 1, "change_message": "[{\"added\": {}}]"}}, {"model": "admin.logentry", "pk": 67, "fields": {"action_time": "2026-01-31T07:11:50.463Z", "user": ["pxv23"], "content_type": ["shop_flower", "flower"], "object_id": "14", "object_repr": "Giỏ Hoa Chúc Mừng 4", "action_flag": 1, "change_message": "[{\"added\": {}}]"}}, {"model": "admin.logentry", "pk": 68, "fields": {"action_time": "2026-01-31T07:13:25.464Z", "user": ["pxv23"], "content_type": ["shop_flower", "flower"], "object_id": "15", "object_repr": "Giỏ Hoa Chúc Mừng 5", "action_flag": 1, "change_message": "[{\"added\": {}}]"}}, {"model": "admin.logentry", "pk": 69, "fields": {"action_time": "2026-01-31T07:15:50.991Z", "user": ["pxv23"], "content_type": ["shop_flower", "flower"], "object_id": "16", "object_repr": "Giỏ Hoa Chúc Mừng 6", "action_flag": 1, "change_message": "[{\"added\": {}}]"}}, {"model": "admin.logentry", "pk": 70, "fields": {"action_time": "2026-01-31T07:18:40.516Z", "user": ["pxv23"], "content_type": ["shop_flower", "flower"], "object_id": "17", "object_repr": "Giỏ Hoa Chúc Mừng 7", "action_flag": 1, "change_message": "[{\"added\": {}}]"}}, {"model": "admin.logentry", "pk": 71, "fields": {"action_time": "2026-01-31T07:21:37.371Z", "user": ["pxv23"], "content_type": ["shop_flower", "flower"], "object_id": "18", "object_repr": "Giỏ Hoa Chúc Mừng 8", "action_flag": 1, "change_message": "[{\"added\": {}}]"}}, {"model": "admin.logentry", "pk": 72, "fields": {"action_time": "2026-01-31T07:23:10.537Z", "user": ["pxv23"], "content_type": ["shop_flower", "flower"], "object_id": "19", "object_repr": "Giỏ Hoa Chúc Mừng", "action_flag": 1, "change_message": "[{\"added\": {}}]"}}, {"model": "admin.logentry", "pk": 73, "fields": {"action_time": "2026-01-31T07:23:19.726Z", "user": ["pxv23"], "content_type": ["shop_flower", "flowertype"], "object_id": "20", "object_repr": "Hoa Đồng Tiền", "action_flag": 1, "change_message": "[{\"added\": {}}]"}}, {"model": "admin.logentry", "pk": 74, "fields": {"action_time": "2026-01-31T07:23:28.095Z", "user": ["pxv23"], "content_type": ["shop_flower", "flowertype"], "object_id": "21", "object_repr": "Hoa Lan Tương", "action_flag": 1, "change_message": "[{\"added\": {}}]"}}, {"model": "admin.logentry", "pk": 75, "fields": {"action_time": "2026-01-31T07:26:34.011Z", "user": ["pxv23"], "content_type": ["shop_flower", "flower"], "object_id": "20", "object_repr": "Giỏ Hoa Khai Chương", "action_flag": 1, "change_message": "[{\"added\": {}}]"}}, {"model": "admin.logentry", "pk": 76, "fields": {"action_time": "2026-01-31T07:27:02.786Z", "user": ["pxv23"], "content_type": ["shop_flower", "flowertype"], "object_id": "22", "object_repr": "Cúc Mẫu Đơn", "action_flag": 1, "change_message": "[{\"added\": {}}]"}}, {"model": "admin.logentry", "pk": 77, "fields": {"action_time": "2026-01-31T07:27:25.151Z", "user": ["pxv23"], "content_type": ["shop_flower", "flowertype"], "object_id": "23", "object_repr": "Cúc Kali", "action_flag": 1, "change_message": "[{\"added\": {}}]"}}, {"model": "admin.logentry", "pk": 78, "fields": {"action_time": "2026-01-31T07:27:37.048Z", "user": ["pxv23"], "content_type": ["shop_flower", "flowertype"], "object_id": "24", "object_repr": "Cỏ Đồng Tiền", "action_flag": 1, "change_message": "[{\"added\": {}}]"}}, {"model": "admin.logentry", "pk": 79, "fields": {"action_time": "2026-01-31T07:27:42.536Z", "user": ["pxv23"], "content_type": ["shop_flower", "flowertype"], "object_id": "25", "object_repr": "cúc Tana", "action_flag": 1, "change_message": "[{\"added\": {}}]"}}, {"model": "admin.logentry", "pk": 80, "fields": {"action_time": "2026-01-31T07:27:46.876Z", "user": ["pxv23"], "content_type": ["shop_flower", "flowertype"], "object_id": "26", "object_repr": "Tuyết Mai", "action_flag": 1, "change_message": "[{\"added\": {}}]"}}, {"model": "admin.logentry", "pk": 81, "fields": {"action_time": "2026-01-31T07:29:39.941Z", "user": ["pxv23"], "content_type": ["shop_flower", "flower"], "object_id": "21", "object_repr": "Giỏ Hoa Tình Yêu 2", "action_flag": 1, "change_message": "[{\"added\": {}}]"}}, {"model": "admin.logentry", "pk": 82, "fields": {"action_time": "2026-01-31T07:30:58.351Z", "user": ["pxv23"], "content_type": ["shop_flower", "flower"], "object_id": "22", "object_repr": "Hoa Cưới Tulip", "action_flag": 1, "change_message": "[{\"added\": {}}]"}}, {"model": "admin.logentry", "pk": 83, "fields": {"action_time": "2026-01-31T07:32:32.797Z", "user": ["pxv23"], "content_type": ["shop_flower", "flower"], "object_id": "23", "object_repr": "Hoa Đỏ Pháp", "action_flag": 1, "change_message": "[{\"added\": {}}]"}}, {"model": "admin.logentry", "pk": 84, "fields": {"action_time": "2026-01-31T07:33:33.103Z", "user": ["pxv23"], "content_type": ["shop_flower", "flower"], "object_id": "24", "object_repr": "Hướng Dương 1", "action_flag": 1, "change_message": "[{\"added\": {}}]"}}, {"model": "admin.logentry", "pk": 85, "fields": {"action_time": "2026-01-31T07:34:21.193Z", "user": ["pxv23"], "content_type": ["shop_flower", "flower"], "object_id": "25", "object_repr": "Hướng Dương 2", "action_flag": 1, "change_message": "[{\"added\": {}}]"}}, {"model": "admin.logentry", "pk": 86, "fields": {"action_time": "2026-01-31T07:34:51.841Z", "user": ["pxv23"], "content_type": ["shop_flower", "flowertype"], "object_id": "27", "object_repr": "Kệ Hoa", "action_flag": 1, "change_message": "[{\"added\": {}}]"}}, {"model": "admin.logentry", "pk": 87, "fields": {"action_time": "2026-01-31T07:36:27.064Z", "user": ["pxv23"], "content_type": ["shop_flower", "flower"], "object_id": "26", "object_repr": "Kệ Hoa Chúc Mừng 2", "action_flag": 1, "change_message": "[{\"added\": {}}]"}}, {"model": "admin.logentry", "pk": 88, "fields": {"action_time": "2026-01-31T07:38:02.031Z", "user": ["pxv23"], "content_type": ["shop_flower", "flower"], "object_id": "27", "object_repr": "Kệ Hoa Chúc Mừng", "action_flag": 1, "change_message": "[{\"added\": {}}]"}}, {"model": "admin.logentry", "pk": 89, "fields": {"action_time": "2026-01-31T07:40:40.024Z", "user": ["pxv23"], "content_type": ["shop_flower", "flower"], "object_id": "28", "object_repr": "Cẩm Tú Cầu Xanh", "action_flag": 1, "change_message": "[{\"added\": {}}]"}}, {"model": "admin.logentry", "pk": 90, "fields": {"action_time": "2026-01-31T07:41:49.843Z", "user": ["pxv23"], "content_type": ["shop_flower", "flowertype"], "object_id": "28", "object_repr": "Lãng Hoa", "action_flag": 1, "change_message": "[{\"added\": {}}]"}}, {"model": "admin.logentry", "pk": 91, "fields": {"action_time": "2026-01-31T07:42:38.055Z", "user": ["pxv23"], "content_type": ["shop_flower", "flowertype"], "object_id": "28", "object_repr": "Lãng Hoa", "action_flag": 3, "change_message": ""}}, {"model": "admin.logentry", "pk": 92, "fields": {"action_time": "2026-01-31T07:44:58.138Z", "user": ["pxv23"], "content_type": ["shop_flower", "flower"], "object_id": "29", "object_repr": "Lãng Hoa Chúc Mừng 2", "action_flag": 1, "change_message": "[{\"added\": {}}]"}}, {"model": "admin.logentry", "pk": 93, "fields": {"action_time": "2026-01-31T07:46:40.091Z", "user": ["pxv23"], "content_type": ["shop_flower", "flower"], "object_id": "30", "object_repr": "Lãng Hoa Chúc Mừng 3", "action_flag": 1, "change_message": "[{\"added\": {}}]"}}, {"model": "admin.logentry", "pk": 94, "fields": {"action_time": "2026-01-31T07:48:03.225Z", "user": ["pxv23"], "content_type": ["shop_flower", "flower"], "object_id": "31", "object_repr": "Lãng Hoa Chúc Mừng", "action_flag": 1, "change_message": "[{\"added\": {}}]"}}, {"model": "admin.logentry", "pk": 95, "fields": {"action_time": "2026-01-31T07:49:33.444Z", "user": ["pxv23"], "content_type": ["shop_flower", "flower"], "object_id": "32", "object_repr": "Lãng Hoa Sinh Nhật", "action_flag": 1, "change_message": "[{\"added\": {}}]"}}, {"model": "admin.logentry", "pk": 96, "fields": {"action_time": "2026-01-31T07:50:45.378Z", "user": ["pxv23"], "content_type": ["shop_flower", "flower"], "object_id": "33", "object_repr": "Lãng Hoa Tone Đỏ Rose", "action_flag": 1, "change_message": "[{\"added\": {}}]"}}, {"model": "admin.logentry", "pk": 97, "fields": {"action_time": "2026-01-31T07:53:24.146Z", "user": ["pxv23"], "content_type": ["shop_flower", "flower"], "object_id": "34", "object_repr": "Bó Hoa Tình Yêu", "action_flag": 1, "change_message": "[{\"added\": {}}]"}}, {"model": "admin.logentry", "pk": 98, "fields": {"action_time": "2026-01-31T07:54:30.087Z", "user": ["pxv23"], "content_type": ["shop_flower", "flower"], "object_id": "35", "object_repr": "Bloom 2", "action_flag": 1, "change_message": "[{\"added\": {}}]"}}, {"model": "admin.logentry", "pk": 99, "fields": {"action_time": "2026-01-31T07:56:31.146Z", "user": ["pxv23"], "content_type": ["shop_flower", "flower"], "object_id": "36", "object_repr": "Bó Hoa Gấu 04", "action_flag": 1, "change_message": "[{\"added\": {}}]"}}, {"model": "admin.logentry", "pk": 100, "fields": {"action_time": "2026-01-31T08:02:20.050Z", "user": ["pxv23"], "content_type": ["shop_flower", "flower"], "object_id": "25", "object_repr": "Hướng Dương 2", "action_flag": 2, "change_message": "[{\"changed\": {\"fields\": [\"Image\"]}}]"}}, {"model": "admin.logentry", "pk": 101, "fields": {"action_time": "2026-01-31T09:29:58.507Z", "user": ["pxv23"], "content_type": ["shop_flower", "flower"], "object_id": "37", "object_repr": "Bloom 3", "action_flag": 1, "change_message": "[{\"added\": {}}]"}}, {"model": "admin.logentry", "pk": 102, "fields": {"action_time": "2026-01-31T09:30:11.378Z", "user": ["pxv23"], "content_type": ["shop_flower", "flower"], "object_id": "37", "object_repr": "Bloom 3", "action_flag": 2, "change_message": "[{\"changed\": {\"fields\": [\"Description\"]}}]"}}, {"model": "admin.logentry", "pk": 103, "fields": {"action_time": "2026-01-31T09:31:24.411Z", "user": ["pxv23"], "content_type": ["shop_flower", "flower"], "object_id": "38", "object_repr": "Blue Hydrangea", "action_flag": 1, "change_message": "[{\"added\": {}}]"}}, {"model": "admin.logentry", "pk": 104, "fields": {"action_time": "2026-01-31T09:31:31.956Z", "user": ["pxv23"], "content_type": ["shop_flower", "flowertype"], "object_id": "29", "object_repr": "Cẩm tú cầu", "action_flag": 1, "change_message": "[{\"added\": {}}]"}}, {"model": "admin.logentry", "pk": 105, "fields": {"action_time": "2026-01-31T09:32:44.071Z", "user": ["pxv23"], "content_type": ["shop_flower", "flower"], "object_id": "39", "object_repr": "Blue Star", "action_flag": 1, "change_message": "[{\"added\": {}}]"}}, {"model": "admin.logentry", "pk": 106, "fields": {"action_time": "2026-01-31T09:33:49.287Z", "user": ["pxv23"], "content_type": ["shop_flower", "flower"], "object_id": "40", "object_repr": "Blue Star 2", "action_flag": 1, "change_message": "[{\"added\": {}}]"}}, {"model": "admin.logentry", "pk": 107, "fields": {"action_time": "2026-01-31T09:34:49.007Z", "user": ["pxv23"], "content_type": ["shop_flower", "flower"], "object_id": "41", "object_repr": "Bó Hoa Hồng chùm Sedona", "action_flag": 1, "change_message": "[{\"added\": {}}]"}}, {"model": "admin.logentry", "pk": 108, "fields": {"action_time": "2026-01-31T09:36:17.312Z", "user": ["pxv23"], "content_type": ["shop_flower", "flower"], "object_id": "42", "object_repr": "Bó Hoa Tình Yêu 2", "action_flag": 1, "change_message": "[{\"added\": {}}]"}}, {"model": "admin.logentry", "pk": 109, "fields": {"action_time": "2026-01-31T09:37:44.791Z", "user": ["pxv23"], "content_type": ["shop_flower", "flower"], "object_id": "43", "object_repr": "Bó Hoa Cưới Tulip", "action_flag": 1, "change_message": "[{\"added\": {}}]"}}, {"model": "admin.logentry", "pk": 110, "fields": {"action_time": "2026-01-31T10:53:01.848Z", "user": ["pxv23"], "content_type": ["shop_flower", "flower"], "object_id": "44", "object_repr": "Bó Hoa Ohara Hồng", "action_flag": 1, "change_message": "[{\"added\": {}}]"}}, {"model": "admin.logentry", "pk": 111, "fields": {"action_time": "2026-01-31T10:54:35.092Z", "user": ["pxv23"], "content_type": ["shop_flower", "flower"], "object_id": "45", "object_repr": "Bó Hoa Hồng Kem", "action_flag": 1, "change_message": "[{\"added\": {}}]"}}, {"model": "admin.logentry", "pk": 112, "fields": {"action_time": "2026-01-31T11:10:38.134Z", "user": ["pxv23"], "content_type": ["shop_flower", "flower"], "object_id": "46", "object_repr": "Bó Hoa Hồng Spirit", "action_flag": 1, "change_message": "[{\"added\": {}}]"}}, {"model": "admin.logentry", "pk": 113, "fields": {"action_time": "2026-01-31T11:12:09.619Z", "user": ["pxv23"], "content_type": ["shop_flower", "flower"], "object_id": "47", "object_repr": "Bó Hồng Capuchino", "action_flag": 1, "change_message": "[{\"added\": {}}]"}}, {"model": "admin.logentry", "pk": 114, "fields": {"action_time": "2026-01-31T11:13:20.286Z", "user": ["pxv23"], "content_type": ["shop_flower", "flower"], "object_id": "48", "object_repr": "Box Hoa Juliet", "action_flag": 1, "change_message": "[{\"added\": {}}]"}}, {"model": "admin.logentry", "pk": 115, "fields": {"action_time": "2026-01-31T11:13:33.713Z", "user": ["pxv23"], "content_type": ["shop_flower", "flowertype"], "object_id": "30", "object_repr": "Lá Bạc", "action_flag": 1, "change_message": "[{\"added\": {}}]"}}, {"model": "admin.logentry", "pk": 116, "fields": {"action_time": "2026-01-31T11:15:00.767Z", "user": ["pxv23"], "content_type": ["shop_flower", "flower"], "object_id": "49", "object_repr": "Bó Hoa Gấu 02", "action_flag": 1, "change_message": "[{\"added\": {}}]"}}, {"model": "admin.logentry", "pk": 117, "fields": {"action_time": "2026-01-31T11:16:00.936Z", "user": ["pxv23"], "content_type": ["shop_flower", "flower"], "object_id": "50", "object_repr": "Bó Hoa Baby Xanh", "action_flag": 1, "change_message": "[{\"added\": {}}]"}}, {"model": "admin.logentry", "pk": 118, "fields": {"action_time": "2026-01-31T11:16:10.678Z", "user": ["pxv23"], "content_type": ["shop_flower", "flowertype"], "object_id": "31", "object_repr": "Hoa Baby", "action_flag": 1, "change_message": "[{\"added\": {}}]"}}, {"model": "admin.logentry", "pk": 119, "fields": {"action_time": "2026-01-31T11:17:26.156Z", "user": ["pxv23"], "content_type": ["shop_flower", "flower"], "object_id": "51", "object_repr": "Bó Hoa Gấu 03", "action_flag": 1, "change_message": "[{\"added\": {}}]"}}, {"model": "admin.logentry", "pk": 120, "fields": {"action_time": "2026-01-31T11:17:39.599Z", "user": ["pxv23"], "content_type": ["shop_flower", "flowertype"], "object_id": "21", "object_repr": "Hoa Lan Tường", "action_flag": 2, "change_message": "[{\"changed\": {\"fields\": [\"Name\"]}}]"}}, {"model": "admin.logentry", "pk": 121, "fields": {"action_time": "2026-01-31T11:18:44.889Z", "user": ["pxv23"], "content_type": ["shop_flower", "flower"], "object_id": "52", "object_repr": "Bó Hoa Baby Hồng", "action_flag": 1, "change_message": "[{\"added\": {}}]"}}, {"model": "admin.logentry", "pk": 122, "fields": {"action_time": "2026-01-31T11:21:32.900Z", "user": ["pxv23"], "content_type": ["shop_flower", "flower"], "object_id": "53", "object_repr": "Bó Hoa Tình Yêu", "action_flag": 1, "change_message": "[{\"added\": {}}]"}}, {"model": "admin.logentry", "pk": 123, "fields": {"action_time": "2026-01-31T11:22:18.741Z", "user": ["pxv23"], "content_type": ["shop_flower", "flower"], "object_id": "54", "object_repr": "Bó Hoa Giai Điệu Xanh", "action_flag": 1, "change_message": "[{\"added\": {}}]"}}, {"model": "admin.logentry", "pk": 124, "fields": {"action_time": "2026-01-31T11:22:26.858Z", "user": ["pxv23"], "content_type": ["shop_flower", "flowertype"], "object_id": "32", "object_repr": "Cúc mimi", "action_flag": 1, "change_message": "[{\"added\": {}}]"}}, {"model": "admin.logentry", "pk": 125, "fields": {"action_time": "2026-01-31T11:22:33.985Z", "user": ["pxv23"], "content_type": ["shop_flower", "flowertype"], "object_id": "33", "object_repr": "Cỏ suối", "action_flag": 1, "change_message": "[{\"added\": {}}]"}}, {"model": "admin.logentry", "pk": 126, "fields": {"action_time": "2026-01-31T11:24:45.861Z", "user": ["pxv23"], "content_type": ["shop_flower", "flower"], "object_id": "55", "object_repr": "Bloom 1", "action_flag": 1, "change_message": "[{\"added\": {}}]"}}, {"model": "admin.logentry", "pk": 127, "fields": {"action_time": "2026-01-31T11:26:52.493Z", "user": ["pxv23"], "content_type": ["shop_flower", "flower"], "object_id": "56", "object_repr": "Bó Hoa Gấu Tốt Nghiệp", "action_flag": 1, "change_message": "[{\"added\": {}}]"}}, {"model": "admin.logentry", "pk": 128, "fields": {"action_time": "2026-01-31T11:29:55.676Z", "user": ["pxv23"], "content_type": ["shop_flower", "flower"], "object_id": "57", "object_repr": "Bloom 5", "action_flag": 1, "change_message": "[{\"added\": {}}]"}}, {"model": "admin.logentry", "pk": 129, "fields": {"action_time": "2026-01-31T11:32:01.484Z", "user": ["pxv23"], "content_type": ["shop_flower", "flower"], "object_id": "58", "object_repr": "Bloom 9", "action_flag": 1, "change_message": "[{\"added\": {}}]"}}, {"model": "admin.logentry", "pk": 130, "fields": {"action_time": "2026-01-31T11:33:56.586Z", "user": ["pxv23"], "content_type": ["shop_flower", "flower"], "object_id": "59", "object_repr": "Bloom 8", "action_flag": 1, "change_message": "[{\"added\": {}}]"}}, {"model": "admin.logentry", "pk": 131, "fields": {"action_time": "2026-01-31T11:35:12.761Z", "user": ["pxv23"], "content_type": ["shop_flower", "flower"], "object_id": "60", "object_repr": "Bloom 6", "action_flag": 1, "change_message": "[{\"added\": {}}]"}}, {"model": "admin.logentry", "pk": 132, "fields": {"action_time": "2026-01-31T11:36:39.944Z", "user": ["pxv23"], "content_type": ["shop_flower", "flower"], "object_id": "61", "object_repr": "Bloom 7", "action_flag": 1, "change_message": "[{\"added\": {}}]"}}, {"model": "admin.logentry", "pk": 133, "fields": {"action_time": "2026-01-31T11:38:04.690Z", "user": ["pxv23"], "content_type": ["shop_flower", "flower"], "object_id": "62", "object_repr": "Bloom 4", "action_flag": 1, "change_message": "[{\"added\": {}}]"}}, {"model": "admin.logentry", "pk": 134, "fields": {"action_time": "2026-01-31T11:39:25.038Z", "user": ["pxv23"], "content_type": ["shop_flower", "flower"], "object_id": "63", "object_repr": "True Love 03", "action_flag": 1, "change_message": "[{\"added\": {}}]"}}, {"model": "admin.logentry", "pk": 135, "fields": {"action_time": "2026-01-31T11:40:27.172Z", "user": ["pxv23"], "content_type": ["shop_flower", "flowertype"], "object_id": "34", "object_repr": "Thúy Châu", "action_flag": 1, "change_message": "[{\"added\": {}}]"}}, {"model": "admin.logentry", "pk": 136, "fields": {"action_time": "2026-01-31T11:41:05.362Z", "user": ["pxv23"], "content_type": ["shop_flower", "flower"], "object_id": "64", "object_repr": "True Love", "action_flag": 1, "change_message": "[{\"added\": {}}]"}}, {"model": "admin.logentry", "pk": 137, "fields": {"action_time": "2026-01-31T11:46:30.322Z", "user": ["pxv23"], "content_type": ["shop_flower", "flower"], "object_id": "25", "object_repr": "Hướng Dương 2", "action_flag": 2, "change_message": "[{\"changed\": {\"fields\": [\"Image\"]}}]"}}, {"model": "admin.logentry", "pk": 138, "fields": {"action_time": "2026-01-31T11:48:30.720Z", "user": ["pxv23"], "content_type": ["shop_flower", "flower"], "object_id": "25", "object_repr": "Hướng Dương 2", "action_flag": 2, "change_message": "[]"}}, {"model": "admin.logentry", "pk": 139, "fields": {"action_time": "2026-01-31T11:49:45.608Z", "user": ["pxv23"], "content_type": ["shop_flower", "flower"], "object_id": "12", "object_repr": "Giỏ Hoa Chúc Mừng 2", "action_flag": 2, "change_message": "[{\"changed\": {\"fields\": [\"Description\"]}}]"}}, {"model": "admin.logentry", "pk": 140, "fields": {"action_time": "2026-01-31T11:52:55.004Z", "user": ["pxv23"], "content_type": ["shop_flower", "flower"], "object_id": "53", "object_repr": "Bó Hoa Tình Yêu", "action_flag": 2, "change_message": "[{\"changed\": {\"fields\": [\"Image\"]}}]"}}, {"model": "admin.logentry", "pk": 141, "fields": {"action_time": "2026-01-31T12:15:22.686Z", "user": ["pxv23"], "content_type": ["shop_flower", "flower"], "object_id": "4", "object_repr": "Bloom 4", "action_flag": 3, "change_message": ""}}, {"model": "admin.logentry", "pk": 142, "fields": {"action_time": "2026-01-31T12:15:55.997Z", "user": ["pxv23"], "content_type": ["shop_flower", "flower"], "object_id": "6", "object_repr": "Bloom 6", "action_flag": 3, "change_message": ""}}, {"model": "admin.logentry", "pk": 143, "fields": {"action_time": "2026-01-31T12:16:14.162Z", "user": ["pxv23"], "content_type": ["shop_flower", "flower"], "object_id": "5", "object_repr": "Bloom 5", "action_flag": 3, "change_message": ""}}, {"model": "admin.logentry", "pk": 144, "fields": {"action_time": "2026-01-31T12:16:37.091Z", "user": ["pxv23"], "content_type": ["shop_flower", "flower"], "object_id": "1", "object_repr": "Bloom 1", "action_flag": 3, "change_message": ""}}, {"model": "admin.logentry", "pk": 145, "fields": {"action_time": "2026-01-31T12:16:44.162Z", "user": ["pxv23"], "content_type": ["shop_flower", "flower"], "object_id": "2", "object_repr": "Bloom 2", "action_flag": 3, "change_message": ""}}, {"model": "admin.logentry", "pk": 146, "fields": {"action_time": "2026-01-31T12:16:51.961Z", "user": ["pxv23"], "content_type": ["shop_flower", "flower"], "object_id": "3", "object_repr": "Bloom 3", "action_flag": 3, "change_message": ""}}, {"model": "admin.logentry", "pk": 147, "fields": {"action_time": "2026-01-31T12:20:06.693Z", "user": ["pxv23"], "content_type": ["shop_flower", "flower"], "object_id": "7", "object_repr": "Box Hoa Juliet", "action_flag": 2, "change_message": "[{\"changed\": {\"fields\": [\"Image\"]}}]"}}, {"model": "admin.logentry", "pk": 148, "fields": {"action_time": "2026-01-31T12:20:09.245Z", "user": ["pxv23"], "content_type": ["shop_flower", "flower"], "object_id": "7", "object_repr": "Box Hoa Juliet", "action_flag": 2, "change_message": "[]"}}, {"model": "admin.logentry", "pk": 149, "fields": {"action_time": "2026-01-31T12:34:10.684Z", "user": ["pxv23"], "content_type": ["shop_flower", "flower"], "object_id": "9", "object_repr": "Cẩm Tú Cầu Hồng", "action_flag": 2, "change_message": "[{\"changed\": {\"fields\": [\"Image\"]}}]"}}, {"model": "admin.logentry", "pk": 150, "fields": {"action_time": "2026-01-31T12:34:37.501Z", "user": ["pxv23"], "content_type": ["shop_flower", "flower"], "object_id": "10", "object_repr": "Cơn Mưa Tình Yêu Tulip", "action_flag": 2, "change_message": "[{\"changed\": {\"fields\": [\"Image\"]}}]"}}, {"model": "admin.logentry", "pk": 151, "fields": {"action_time": "2026-01-31T12:36:36.534Z", "user": ["pxv23"], "content_type": ["shop_flower", "flower"], "object_id": "11", "object_repr": "Blue Melody", "action_flag": 2, "change_message": "[{\"changed\": {\"fields\": [\"Image\"]}}]"}}, {"model": "admin.logentry", "pk": 152, "fields": {"action_time": "2026-01-31T12:37:34.510Z", "user": ["pxv23"], "content_type": ["shop_flower", "flower"], "object_id": "12", "object_repr": "Giỏ Hoa Chúc Mừng 2", "action_flag": 2, "change_message": "[{\"changed\": {\"fields\": [\"Image\"]}}]"}}, {"model": "admin.logentry", "pk": 153, "fields": {"action_time": "2026-01-31T12:37:49.742Z", "user": ["pxv23"], "content_type": ["shop_flower", "flower"], "object_id": "13", "object_repr": "Giỏ Hoa Chúc Mừng 3", "action_flag": 2, "change_message": "[{\"changed\": {\"fields\": [\"Image\"]}}]"}}, {"model": "admin.logentry", "pk": 154, "fields": {"action_time": "2026-01-31T12:38:06.545Z", "user": ["pxv23"], "content_type": ["shop_flower", "flower"], "object_id": "14", "object_repr": "Giỏ Hoa Chúc Mừng 4", "action_flag": 2, "change_message": "[{\"changed\": {\"fields\": [\"Image\"]}}]"}}, {"model": "admin.logentry", "pk": 155, "fields": {"action_time": "2026-01-31T12:39:20.346Z", "user": ["pxv23"], "content_type": ["shop_flower", "flower"], "object_id": "15", "object_repr": "Giỏ Hoa Chúc Mừng 5", "action_flag": 2, "change_message": "[{\"changed\": {\"fields\": [\"Image\"]}}]"}}, {"model": "admin.logentry", "pk": 156, "fields": {"action_time": "2026-01-31T12:41:06.133Z", "user": ["pxv23"], "content_type": ["shop_flower", "flower"], "object_id": "16", "object_repr": "Giỏ Hoa Chúc Mừng 6", "action_flag": 2, "change_message": "[{\"changed\": {\"fields\": [\"Image\"]}}]"}}, {"model": "admin.logentry", "pk": 157, "fields": {"action_time": "2026-01-31T12:41:27.446Z", "user": ["pxv23"], "content_type": ["shop_flower", "flower"], "object_id": "17", "object_repr": "Giỏ Hoa Chúc Mừng 7", "action_flag": 2, "change_message": "[{\"changed\": {\"fields\": [\"Image\"]}}]"}}, {"model": "admin.logentry", "pk": 158, "fields": {"action_time": "2026-01-31T12:45:31.990Z", "user": ["pxv23"], "content_type": ["shop_flower", "flower"], "object_id": "64", "object_repr": "True Love", "action_flag": 2, "change_message": "[{\"changed\": {\"fields\": [\"Image\"]}}]"}}, {"model": "admin.logentry", "pk": 159, "fields": {"action_time": "2026-01-31T12:46:01.000Z", "user": ["pxv23"], "content_type": ["shop_flower", "flower"], "object_id": "63", "object_repr": "True Love 03", "action_flag": 2, "change_message": "[{\"changed\": {\"fields\": [\"Image\"]}}]"}}, {"model": "admin.logentry", "pk": 160, "fields": {"action_time": "2026-01-31T12:47:01.544Z", "user": ["pxv23"], "content_type": ["shop_flower", "flower"], "object_id": "60", "object_repr": "Bloom 6", "action_flag": 2, "change_message": "[{\"changed\": {\"fields\": [\"Image\"]}}]"}}, {"model": "admin.logentry", "pk": 161, "fields": {"action_time": "2026-01-31T12:50:04.031Z", "user": ["pxv23"], "content_type": ["shop_flower", "flower"], "object_id": "58", "object_repr": "Bloom 9", "action_flag": 2, "change_message": "[{\"changed\": {\"fields\": [\"Image\"]}}]"}}, {"model": "admin.logentry", "pk": 162, "fields": {"action_time": "2026-01-31T12:56:51.268Z", "user": ["pxv23"], "content_type": ["shop_flower", "flower"], "object_id": "64", "object_repr": "True Love", "action_flag": 2, "change_message": "[]"}}, {"model": "admin.logentry", "pk": 163, "fields": {"action_time": "2026-01-31T12:57:33.204Z", "user": ["pxv23"], "content_type": ["shop_flower", "flower"], "object_id": "64", "object_repr": "True Love", "action_flag": 2, "change_message": "[{\"changed\": {\"fields\": [\"Image\"]}}]"}}, {"model": "admin.logentry", "pk": 164, "fields": {"action_time": "2026-01-31T13:08:13.171Z", "user": ["pxv23"], "content_type": ["shop_flower", "flower"], "object_id": "8", "object_repr": "Cẩm Tú Cầu Blue", "action_flag": 2, "change_message": "[{\"changed\": {\"fields\": [\"Image\"]}}]"}}, {"model": "admin.logentry", "pk": 165, "fields": {"action_time": "2026-01-31T13:09:30.022Z", "user": ["pxv23"], "content_type": ["shop_flower", "flower"], "object_id": "11", "object_repr": "Blue Melody", "action_flag": 2, "change_message": "[{\"changed\": {\"fields\": [\"Image\"]}}]"}}, {"model": "admin.logentry", "pk": 166, "fields": {"action_time": "2026-02-22T04:28:01.115Z", "user": ["pxv23"], "content_type": ["shop_flower", "flower"], "object_id": "64", "object_repr": "True Love", "action_flag": 2, "change_message": "[{\"changed\": {\"fields\": [\"Image\"]}}]"}}, {"model": "admin.logentry", "pk": 167, "fields": {"action_time": "2026-02-22T04:28:19.244Z", "user": ["pxv23"], "content_type": ["shop_flower", "flower"], "object_id": "63", "object_repr": "True Love 03", "action_flag": 2, "change_message": "[{\"changed\": {\"fields\": [\"Image\"]}}]"}}, {"model": "admin.logentry", "pk": 168, "fields": {"action_time": "2026-02-22T04:29:06.242Z", "user": ["pxv23"], "content_type": ["shop_flower", "flower"], "object_id": "62", "object_repr": "Bloom 4", "action_flag": 2, "change_message": "[{\"changed\": {\"fields\": [\"Image\"]}}]"}}, {"model": "admin.logentry", "pk": 169, "fields": {"action_time": "2026-02-22T04:30:20.708Z", "user": ["pxv23"], "content_type": ["shop_flower", "flower"], "object_id": "61", "object_repr": "Bloom 7", "action_flag": 2, "change_message": "[{\"changed\": {\"fields\": [\"Image\"]}}]"}}, {"model": "admin.logentry", "pk": 170, "fields": {"action_time": "2026-02-22T04:30:44.919Z", "user": ["pxv23"], "content_type": ["shop_flower", "flower"], "object_id": "60", "object_repr": "Bloom 6", "action_flag": 2, "change_message": "[{\"changed\": {\"fields\": [\"Image\"]}}]"}}, {"model": "admin.logentry", "pk": 171, "fields": {"action_time": "2026-02-22T04:30:55.635Z", "user": ["pxv23"], "content_type": ["shop_flower", "flower"], "object_id": "60", "object_repr": "Bloom 6", "action_flag": 2, "change_message": "[]"}}, {"model": "admin.logentry", "pk": 172, "fields": {"action_time": "2026-02-22T04:31:13.329Z", "user": ["pxv23"], "content_type": ["shop_flower", "flower"], "object_id": "59", "object_repr": "Bloom 8", "action_flag": 2, "change_message": "[{\"changed\": {\"fields\": [\"Image\"]}}]"}}, {"model": "admin.logentry", "pk": 173, "fields": {"action_time": "2026-02-22T04:31:30.077Z", "user": ["pxv23"], "content_type": ["shop_flower", "flower"], "object_id": "58", "object_repr": "Bloom 9", "action_flag": 2, "change_message": "[{\"changed\": {\"fields\": [\"Image\"]}}]"}}, {"model": "admin.logentry", "pk": 174, "fields": {"action_time": "2026-02-22T04:32:00.168Z", "user": ["pxv23"], "content_type": ["shop_flower", "flower"], "object_id": "57", "object_repr": "Bloom 5", "action_flag": 2, "change_message": "[{\"changed\": {\"fields\": [\"Image\"]}}]"}}, {"model": "admin.logentry", "pk": 175, "fields": {"action_time": "2026-02-22T04:32:33.840Z", "user": ["pxv23"], "content_type": ["shop_flower", "flower"], "object_id": "56", "object_repr": "Bó Hoa Gấu Tốt Nghiệp", "action_flag": 2, "change_message": "[{\"changed\": {\"fields\": [\"Image\"]}}]"}}, {"model": "admin.logentry", "pk": 176, "fields": {"action_time": "2026-02-22T04:33:02.095Z", "user": ["pxv23"], "content_type": ["shop_flower", "flower"], "object_id": "55", "object_repr": "Bloom 1", "action_flag": 2, "change_message": "[{\"changed\": {\"fields\": [\"Image\"]}}]"}}, {"model": "admin.logentry", "pk": 177, "fields": {"action_time": "2026-02-22T04:34:07.585Z", "user": ["pxv23"], "content_type": ["shop_flower", "flower"], "object_id": "55", "object_repr": "Bloom 1", "action_flag": 2, "change_message": "[{\"changed\": {\"fields\": [\"Image\"]}}]"}}, {"model": "admin.logentry", "pk": 178, "fields": {"action_time": "2026-02-22T04:34:27.821Z", "user": ["pxv23"], "content_type": ["shop_flower", "flower"], "object_id": "54", "object_repr": "Bó Hoa Giai Điệu Xanh", "action_flag": 2, "change_message": "[{\"changed\": {\"fields\": [\"Image\"]}}]"}}, {"model": "admin.logentry", "pk": 179, "fields": {"action_time": "2026-02-22T04:35:05.246Z", "user": ["pxv23"], "content_type": ["shop_flower", "flower"], "object_id": "53", "object_repr": "Bó Hoa Tình Yêu", "action_flag": 2, "change_message": "[{\"changed\": {\"fields\": [\"Image\"]}}]"}}, {"model": "admin.logentry", "pk": 180, "fields": {"action_time": "2026-02-22T04:35:22.357Z", "user": ["pxv23"], "content_type": ["shop_flower", "flower"], "object_id": "52", "object_repr": "Bó Hoa Baby Hồng", "action_flag": 2, "change_message": "[{\"changed\": {\"fields\": [\"Image\"]}}]"}}, {"model": "admin.logentry", "pk": 181, "fields": {"action_time": "2026-02-22T04:35:37.811Z", "user": ["pxv23"], "content_type": ["shop_flower", "flower"], "object_id": "51", "object_repr": "Bó Hoa Gấu 03", "action_flag": 2, "change_message": "[{\"changed\": {\"fields\": [\"Image\"]}}]"}}, {"model": "admin.logentry", "pk": 182, "fields": {"action_time": "2026-02-22T04:35:56.781Z", "user": ["pxv23"], "content_type": ["shop_flower", "flower"], "object_id": "50", "object_repr": "Bó Hoa Baby Xanh", "action_flag": 2, "change_message": "[{\"changed\": {\"fields\": [\"Image\"]}}]"}}, {"model": "admin.logentry", "pk": 183, "fields": {"action_time": "2026-02-22T04:36:21.097Z", "user": ["pxv23"], "content_type": ["shop_flower", "flower"], "object_id": "49", "object_repr": "Bó Hoa Gấu 02", "action_flag": 2, "change_message": "[{\"changed\": {\"fields\": [\"Image\"]}}]"}}, {"model": "admin.logentry", "pk": 184, "fields": {"action_time": "2026-02-22T04:36:35.976Z", "user": ["pxv23"], "content_type": ["shop_flower", "flower"], "object_id": "48", "object_repr": "Box Hoa Juliet", "action_flag": 2, "change_message": "[{\"changed\": {\"fields\": [\"Image\"]}}]"}}, {"model": "admin.logentry", "pk": 185, "fields": {"action_time": "2026-02-22T04:36:59.201Z", "user": ["pxv23"], "content_type": ["shop_flower", "flower"], "object_id": "47", "object_repr": "Bó Hồng Capuchino", "action_flag": 2, "change_message": "[{\"changed\": {\"fields\": [\"Image\"]}}]"}}, {"model": "admin.logentry", "pk": 186, "fields": {"action_time": "2026-02-22T04:37:18.928Z", "user": ["pxv23"], "content_type": ["shop_flower", "flower"], "object_id": "46", "object_repr": "Bó Hoa Hồng Spirit", "action_flag": 2, "change_message": "[{\"changed\": {\"fields\": [\"Image\"]}}]"}}, {"model": "admin.logentry", "pk": 187, "fields": {"action_time": "2026-02-22T04:37:33.634Z", "user": ["pxv23"], "content_type": ["shop_flower", "flower"], "object_id": "45", "object_repr": "Bó Hoa Hồng Kem", "action_flag": 2, "change_message": "[{\"changed\": {\"fields\": [\"Image\"]}}]"}}, {"model": "admin.logentry", "pk": 188, "fields": {"action_time": "2026-02-22T04:38:06.292Z", "user": ["pxv23"], "content_type": ["shop_flower", "flower"], "object_id": "44", "object_repr": "Bó Hoa Ohara Hồng", "action_flag": 2, "change_message": "[{\"changed\": {\"fields\": [\"Image\"]}}]"}}, {"model": "admin.logentry", "pk": 189, "fields": {"action_time": "2026-02-22T04:38:29.611Z", "user": ["pxv23"], "content_type": ["shop_flower", "flower"], "object_id": "43", "object_repr": "Bó Hoa Cưới Tulip", "action_flag": 2, "change_message": "[{\"changed\": {\"fields\": [\"Image\"]}}]"}}, {"model": "admin.logentry", "pk": 190, "fields": {"action_time": "2026-02-22T04:38:47.518Z", "user": ["pxv23"], "content_type": ["shop_flower", "flower"], "object_id": "42", "object_repr": "Bó Hoa Tình Yêu 2", "action_flag": 2, "change_message": "[{\"changed\": {\"fields\": [\"Image\"]}}]"}}, {"model": "admin.logentry", "pk": 191, "fields": {"action_time": "2026-02-22T04:39:25.009Z", "user": ["pxv23"], "content_type": ["shop_flower", "flower"], "object_id": "41", "object_repr": "Bó Hoa Hồng chùm Sedona", "action_flag": 2, "change_message": "[{\"changed\": {\"fields\": [\"Image\"]}}]"}}, {"model": "admin.logentry", "pk": 192, "fields": {"action_time": "2026-02-22T04:39:41.029Z", "user": ["pxv23"], "content_type": ["shop_flower", "flower"], "object_id": "40", "object_repr": "Blue Star 2", "action_flag": 2, "change_message": "[{\"changed\": {\"fields\": [\"Image\"]}}]"}}, {"model": "admin.logentry", "pk": 193, "fields": {"action_time": "2026-02-22T04:40:21.856Z", "user": ["pxv23"], "content_type": ["shop_flower", "flower"], "object_id": "38", "object_repr": "Blue Hydrangea", "action_flag": 2, "change_message": "[{\"changed\": {\"fields\": [\"Image\"]}}]"}}, {"model": "admin.logentry", "pk": 194, "fields": {"action_time": "2026-02-22T04:40:53.096Z", "user": ["pxv23"], "content_type": ["shop_flower", "flower"], "object_id": "37", "object_repr": "Bloom 3", "action_flag": 2, "change_message": "[{\"changed\": {\"fields\": [\"Image\"]}}]"}}, {"model": "admin.logentry", "pk": 195, "fields": {"action_time": "2026-02-22T04:41:34.252Z", "user": ["pxv23"], "content_type": ["shop_flower", "flower"], "object_id": "36", "object_repr": "Bó Hoa Gấu 04", "action_flag": 2, "change_message": "[{\"changed\": {\"fields\": [\"Image\"]}}]"}}, {"model": "admin.logentry", "pk": 196, "fields": {"action_time": "2026-02-22T04:42:24.973Z", "user": ["pxv23"], "content_type": ["shop_flower", "flower"], "object_id": "35", "object_repr": "Bloom 2", "action_flag": 2, "change_message": "[{\"changed\": {\"fields\": [\"Image\"]}}]"}}, {"model": "admin.logentry", "pk": 197, "fields": {"action_time": "2026-02-22T04:43:30.138Z", "user": ["pxv23"], "content_type": ["shop_flower", "flower"], "object_id": "34", "object_repr": "Bó Hoa Tình Yêu", "action_flag": 2, "change_message": "[{\"changed\": {\"fields\": [\"Image\"]}}]"}}, {"model": "admin.logentry", "pk": 198, "fields": {"action_time": "2026-02-22T04:43:53.114Z", "user": ["pxv23"], "content_type": ["shop_flower", "flower"], "object_id": "33", "object_repr": "Lãng Hoa Tone Đỏ Rose", "action_flag": 2, "change_message": "[{\"changed\": {\"fields\": [\"Image\"]}}]"}}, {"model": "admin.logentry", "pk": 199, "fields": {"action_time": "2026-02-22T04:44:08.731Z", "user": ["pxv23"], "content_type": ["shop_flower", "flower"], "object_id": "32", "object_repr": "Lãng Hoa Sinh Nhật", "action_flag": 2, "change_message": "[{\"changed\": {\"fields\": [\"Image\"]}}]"}}, {"model": "admin.logentry", "pk": 200, "fields": {"action_time": "2026-02-22T04:44:28.864Z", "user": ["pxv23"], "content_type": ["shop_flower", "flower"], "object_id": "31", "object_repr": "Lãng Hoa Chúc Mừng", "action_flag": 2, "change_message": "[{\"changed\": {\"fields\": [\"Image\"]}}]"}}, {"model": "admin.logentry", "pk": 201, "fields": {"action_time": "2026-02-22T04:44:47.525Z", "user": ["pxv23"], "content_type": ["shop_flower", "flower"], "object_id": "30", "object_repr": "Lãng Hoa Chúc Mừng 3", "action_flag": 2, "change_message": "[{\"changed\": {\"fields\": [\"Image\"]}}]"}}, {"model": "admin.logentry", "pk": 202, "fields": {"action_time": "2026-02-22T04:45:27.623Z", "user": ["pxv23"], "content_type": ["shop_flower", "flower"], "object_id": "12", "object_repr": "Giỏ Hoa Chúc Mừng 2", "action_flag": 2, "change_message": "[{\"changed\": {\"fields\": [\"Image\"]}}]"}}, {"model": "admin.logentry", "pk": 203, "fields": {"action_time": "2026-02-22T04:46:44.557Z", "user": ["pxv23"], "content_type": ["shop_flower", "flower"], "object_id": "28", "object_repr": "Cẩm Tú Cầu Xanh", "action_flag": 2, "change_message": "[{\"changed\": {\"fields\": [\"Image\"]}}]"}}, {"model": "admin.logentry", "pk": 204, "fields": {"action_time": "2026-02-22T04:47:09.705Z", "user": ["pxv23"], "content_type": ["shop_flower", "flower"], "object_id": "27", "object_repr": "Kệ Hoa Chúc Mừng", "action_flag": 2, "change_message": "[{\"changed\": {\"fields\": [\"Image\"]}}]"}}, {"model": "admin.logentry", "pk": 205, "fields": {"action_time": "2026-02-22T04:47:28.991Z", "user": ["pxv23"], "content_type": ["shop_flower", "flower"], "object_id": "26", "object_repr": "Kệ Hoa Chúc Mừng 2", "action_flag": 2, "change_message": "[{\"changed\": {\"fields\": [\"Image\"]}}]"}}, {"model": "admin.logentry", "pk": 206, "fields": {"action_time": "2026-02-22T04:48:01.491Z", "user": ["pxv23"], "content_type": ["shop_flower", "flower"], "object_id": "25", "object_repr": "Hướng Dương 2", "action_flag": 2, "change_message": "[{\"changed\": {\"fields\": [\"Image\"]}}]"}}, {"model": "admin.logentry", "pk": 207, "fields": {"action_time": "2026-02-22T04:48:21.001Z", "user": ["pxv23"], "content_type": ["shop_flower", "flower"], "object_id": "24", "object_repr": "Hướng Dương 1", "action_flag": 2, "change_message": "[{\"changed\": {\"fields\": [\"Image\"]}}]"}}, {"model": "admin.logentry", "pk": 208, "fields": {"action_time": "2026-02-22T04:48:46.824Z", "user": ["pxv23"], "content_type": ["shop_flower", "flower"], "object_id": "23", "object_repr": "Hoa Đỏ Pháp", "action_flag": 2, "change_message": "[{\"changed\": {\"fields\": [\"Image\"]}}]"}}, {"model": "admin.logentry", "pk": 209, "fields": {"action_time": "2026-02-22T04:49:09.728Z", "user": ["pxv23"], "content_type": ["shop_flower", "flower"], "object_id": "22", "object_repr": "Hoa Cưới Tulip", "action_flag": 2, "change_message": "[{\"changed\": {\"fields\": [\"Image\"]}}]"}}, {"model": "admin.logentry", "pk": 210, "fields": {"action_time": "2026-02-22T04:49:53.397Z", "user": ["pxv23"], "content_type": ["shop_flower", "flower"], "object_id": "21", "object_repr": "Giỏ Hoa Tình Yêu 2", "action_flag": 2, "change_message": "[{\"changed\": {\"fields\": [\"Image\"]}}]"}}, {"model": "admin.logentry", "pk": 211, "fields": {"action_time": "2026-02-22T04:50:22.642Z", "user": ["pxv23"], "content_type": ["shop_flower", "flower"], "object_id": "20", "object_repr": "Giỏ Hoa Khai Chương", "action_flag": 2, "change_message": "[{\"changed\": {\"fields\": [\"Image\"]}}]"}}, {"model": "admin.logentry", "pk": 212, "fields": {"action_time": "2026-02-22T04:51:02.657Z", "user": ["pxv23"], "content_type": ["shop_flower", "flower"], "object_id": "19", "object_repr": "Giỏ Hoa Chúc Mừng", "action_flag": 2, "change_message": "[{\"changed\": {\"fields\": [\"Image\"]}}]"}}, {"model": "admin.logentry", "pk": 213, "fields": {"action_time": "2026-02-22T04:51:16.635Z", "user": ["pxv23"], "content_type": ["shop_flower", "flower"], "object_id": "18", "object_repr": "Giỏ Hoa Chúc Mừng 8", "action_flag": 2, "change_message": "[{\"changed\": {\"fields\": [\"Image\"]}}]"}}, {"model": "admin.logentry", "pk": 214, "fields": {"action_time": "2026-02-22T04:51:26.248Z", "user": ["pxv23"], "content_type": ["shop_flower", "flower"], "object_id": "17", "object_repr": "Giỏ Hoa Chúc Mừng 7", "action_flag": 2, "change_message": "[{\"changed\": {\"fields\": [\"Image\"]}}]"}}, {"model": "admin.logentry", "pk": 215, "fields": {"action_time": "2026-02-22T04:51:34.786Z", "user": ["pxv23"], "content_type": ["shop_flower", "flower"], "object_id": "16", "object_repr": "Giỏ Hoa Chúc Mừng 6", "action_flag": 2, "change_message": "[{\"changed\": {\"fields\": [\"Image\"]}}]"}}, {"model": "admin.logentry", "pk": 216, "fields": {"action_time": "2026-02-22T04:51:48.170Z", "user": ["pxv23"], "content_type": ["shop_flower", "flower"], "object_id": "15", "object_repr": "Giỏ Hoa Chúc Mừng 5", "action_flag": 2, "change_message": "[{\"changed\": {\"fields\": [\"Image\"]}}]"}}, {"model": "admin.logentry", "pk": 217, "fields": {"action_time": "2026-02-22T04:51:59.231Z", "user": ["pxv23"], "content_type": ["shop_flower", "flower"], "object_id": "14", "object_repr": "Giỏ Hoa Chúc Mừng 4", "action_flag": 2, "change_message": "[{\"changed\": {\"fields\": [\"Image\"]}}]"}}, {"model": "admin.logentry", "pk": 218, "fields": {"action_time": "2026-02-22T04:52:09.011Z", "user": ["pxv23"], "content_type": ["shop_flower", "flower"], "object_id": "13", "object_repr": "Giỏ Hoa Chúc Mừng 3", "action_flag": 2, "change_message": "[{\"changed\": {\"fields\": [\"Image\"]}}]"}}, {"model": "admin.logentry", "pk": 219, "fields": {"action_time": "2026-02-22T04:52:32.444Z", "user": ["pxv23"], "content_type": ["shop_flower", "flower"], "object_id": "14", "object_repr": "Giỏ Hoa Chúc Mừng 4", "action_flag": 2, "change_message": "[{\"changed\": {\"fields\": [\"Image\"]}}]"}}, {"model": "admin.logentry", "pk": 220, "fields": {"action_time": "2026-02-22T04:52:44.211Z", "user": ["pxv23"], "content_type": ["shop_flower", "flower"], "object_id": "13", "object_repr": "Giỏ Hoa Chúc Mừng 3", "action_flag": 2, "change_message": "[{\"changed\": {\"fields\": [\"Image\"]}}]"}}, {"model": "admin.logentry", "pk": 221, "fields": {"action_time": "2026-02-22T04:52:51.801Z", "user": ["pxv23"], "content_type": ["shop_flower", "flower"], "object_id": "12", "object_repr": "Giỏ Hoa Chúc Mừng 2", "action_flag": 2, "change_message": "[{\"changed\": {\"fields\": [\"Image\"]}}]"}}, {"model": "admin.logentry", "pk": 222, "fields": {"action_time": "2026-02-22T04:53:20.645Z", "user": ["pxv23"], "content_type": ["shop_flower", "flower"], "object_id": "11", "object_repr": "Blue Melody", "action_flag": 2, "change_message": "[{\"changed\": {\"fields\": [\"Image\"]}}]"}}, {"model": "admin.logentry", "pk": 223, "fields": {"action_time": "2026-02-22T04:53:40.301Z", "user": ["pxv23"], "content_type": ["shop_flower", "flower"], "object_id": "10", "object_repr": "Cơn Mưa Tình Yêu Tulip", "action_flag": 2, "change_message": "[{\"changed\": {\"fields\": [\"Image\"]}}]"}}, {"model": "admin.logentry", "pk": 224, "fields": {"action_time": "2026-02-22T04:53:52.708Z", "user": ["pxv23"], "content_type": ["shop_flower", "flower"], "object_id": "9", "object_repr": "Cẩm Tú Cầu Hồng", "action_flag": 2, "change_message": "[{\"changed\": {\"fields\": [\"Image\"]}}]"}}, {"model": "admin.logentry", "pk": 225, "fields": {"action_time": "2026-02-22T04:54:03.283Z", "user": ["pxv23"], "content_type": ["shop_flower", "flower"], "object_id": "8", "object_repr": "Cẩm Tú Cầu Blue", "action_flag": 2, "change_message": "[{\"changed\": {\"fields\": [\"Image\"]}}]"}}, {"model": "admin.logentry", "pk": 226, "fields": {"action_time": "2026-02-22T04:54:28.973Z", "user": ["pxv23"], "content_type": ["shop_flower", "flower"], "object_id": "7", "object_repr": "Box Hoa Juliet", "action_flag": 2, "change_message": "[{\"changed\": {\"fields\": [\"Image\"]}}]"}}, {"model": "admin.logentry", "pk": 227, "fields": {"action_time": "2026-02-22T04:54:53.969Z", "user": ["pxv23"], "content_type": ["shop_flower", "flower"], "object_id": "29", "object_repr": "Lãng Hoa Chúc Mừng 2", "action_flag": 2, "change_message": "[{\"changed\": {\"fields\": [\"Image\"]}}]"}}, {"model": "admin.logentry", "pk": 228, "fields": {"action_time": "2026-02-22T04:55:30.919Z", "user": ["pxv23"], "content_type": ["shop_flower", "flower"], "object_id": "39", "object_repr": "Blue Star", "action_flag": 2, "change_message": "[{\"changed\": {\"fields\": [\"Image\"]}}]"}}, {"model": "admin.logentry", "pk": 229, "fields": {"action_time": "2026-02-22T08:18:52.374Z", "user": ["pxv23"], "content_type": ["shop_flower", "flowerbatch"], "object_id": "8", "object_repr": "Bloom 8 - 2026-02-22", "action_flag": 1, "change_message": "[{\"added\": {}}]"}}, {"model": "admin.logentry", "pk": 230, "fields": {"action_time": "2026-02-22T08:19:05.138Z", "user": ["pxv23"], "content_type": ["shop_flower", "flowerbatch"], "object_id": "9", "object_repr": "Giỏ Hoa Chúc Mừng 2 - 2026-02-22", "action_flag": 1, "change_message": "[{\"added\": {}}]"}}]